1,6029310,0,6029181,0,6029179,0,6029175,0,8388463,0,5992543,0,6029247,0,131137,0,5963871,0,5963871,0,5963871,0,5898335,0,5963903,0,5963903,0,5963903,0,5898335,0,5928831,0,5898239,0,4194320,0,5504895,0,4980607,0,4194320,0,4194175,0,0 , 0, 0 , 0, 0 , 0, 0 , 0, 0 , 0, 0 , 0, 0 , 0, 0 , 0, 0 , 0, 0 , 0, 0 , 0, 0 , 0, 0 , 0, 0 , 0, 0 , 0, 0 , 0, 0 , 0, 0 , 0, 0 , 0, 0 , 0, 0 , 0, 0 , 0, 0 , 0, 0 , 0, 0 , 0, 0 , 0, 0 , 0, 0 , 0, 0 , 0, 0 , 0, 0 , 0, 0 , 0, 0 , 0, 0 , 0, 0 , 0, 0 , 0, 0 , 0, 0 , 0, 0 , 0, 0 , 0, 0 , 0, 0 , 0, 0 , 0, 0 , 0, 0 , 0, 0 , 0, 0 , 0, 0 , 0, 0 , 0, 0 , 0, 0 , 0, 0 , 0, 0 , 0, 0 , 0, 0 , 0, 0 , 0, 0 , 0, 0 , 0, 0 , 0, 0 , 0, 0 , 0, 0 , 0, 0 , 0, 0 , 0, 0 , 0, 0 , 0, 0 , 0, 0 , 0, 0 , 0, 0 , 0, 0 , 0, 0 , 0, 0 , 0, 0 , 0, 0 , 0, 0 , 0, 0 , 0, 1,1,1,1,1,1,1,1,1,1,1,1,1,1,1,1,1,1,1,1,1,1,1, 1, 1, 1, 1, 1, 1, 1, 1, 1, 1, 1, 1, 1, 1, 1, 1, 1, 1, 1, 1, 1, 1, 1, 1, 1, 1, 1, 1, 1, 1, 1, 1, 1, 1, 1, 1, 1, 1, 1, 1, 1, 1, 1, 1, 1, 1, 1, 1, 1, 1, 1, 1, 1, 1, 1, 1, 1, 1, 1, 1, 1, 1, 1, 1, 1, 1, 1, 1, 1, 1, 1, 1, 1, 1, 1, 1, 1, 1
1,34359803854,0,65095598077,0,68719449339,0,34359776455,0,34359739590,0,38654706886,0,68719476671,0,68719476607,0,34359738563,0,34359738563,0,68719474943,0,34359739587,0,34359764175,0,34359743683,0,34359743683,0,34359739599,0,42949674182,0,42949674182,0,42949674182,0,43489690822,0,43487069382,0,43487069382,0,43578819782,0,43490739398,0,43725620422,0,43704648902,0,43675288774,0,43872421060,0,43620762820,0,61739631814,0,43486545092,0,42949674180,0,34359739622,0,55834510534,0,43486545094,0,34359738367,0,0 , 0, 0 , 0, 0 , 0, 0 , 0, 0 , 0, 0 , 0, 0 , 0, 0 , 0, 0 , 0, 0 , 0, 0 , 0, 0 , 0, 0 , 0, 0 , 0, 0 , 0, 0 , 0, 0 , 0, 0 , 0, 0 , 0, 0 , 0, 0 , 0, 0 , 0, 0 , 0, 0 , 0, 0 , 0, 0 , 0, 0 , 0, 0 , 0, 0 , 0, 0 , 0, 0 , 0, 0 , 0, 0 , 0, 0 , 0, 0 , 0, 0 , 0, 0 , 0, 0 , 0, 0 , 0, 0 , 0, 0 , 0, 0 , 0, 0 , 0, 0 , 0, 0 , 0, 0 , 0, 0 , 0, 0 , 0, 0 , 0, 0 , 0, 0 , 0, 0 , 0, 0 , 0, 0 , 0, 0 , 0, 0 , 0, 0 , 0, 0 , 0, 0 , 0, 0 , 0, 0 , 0, 0 , 0, 0 , 0, 0 , 0, 1,1,1,1,1,1,1,1,1,1,1,1,1,1,1,1,1,1,1,1,1,1,1,1,1,1,1,1,1,1,1,1,1,1,1,1, 1, 1, 1, 1, 1, 1, 1, 1, 1, 1, 1, 1, 1, 1, 1, 1, 1, 1, 1, 1, 1, 1, 1, 1, 1, 1, 1, 1, 1, 1, 1, 1, 1, 1, 1, 1, 1, 1, 1, 1, 1, 1, 1, 1, 1, 1, 1, 1, 1, 1, 1, 1, 1, 1, 1, 1, 1, 1, 1, 1, 1, 1, 1, 1, 1
1,274877903358,0,274877903357,0,137371845115,0,135694123511,0,135425688047,0,135291470303,0,133143986623,0,124554051967,0,274877906687,0,256,0,68719479040,0,68719478016,0,68719476995,0,68721557763,0,68719976707,0,68719501571,0,68720419075,0,68719567107,0,68721139971,0,68719812867,0,206164992259,0,68724719875,0,206186742019,0,206179401987,0,209627119875,0,72024588547,0,77225525511,0,111484600607,0,111333605647,0,76705431815,0,110578630919,0,109504889151,0,115897008639,0,107374182783,0,34359738879,0,102408126975,0,188978560511,0,68749885699,0,0 , 0, 0 , 0, 0 , 0, 0 , 0, 0 , 0, 0 , 0, 0 , 0, 0 , 0, 0 , 0, 0 , 0, 0 , 0, 0 , 0, 0 , 0, 0 , 0, 0 , 0, 0 , 0, 0 , 0, 0 , 0, 0 , 0, 0 , 0, 0 , 0, 0 , 0, 0 , 0, 0 , 0, 0 , 0, 0 , 0, 0 , 0, 0 , 0, 0 , 0, 0 , 0, 0 , 0, 0 , 0, 0 , 0, 0 , 0, 0 , 0, 0 , 0, 0 , 0, 0 , 0, 0 , 0, 0 , 0, 0 , 0, 0 , 0, 0 , 0, 0 , 0, 0 , 0, 0 , 0, 0 , 0, 0 , 0, 0 , 0, 0 , 0, 0 , 0, 0 , 0, 0 , 0, 0 , 0, 0 , 0, 0 , 0, 0 , 0, 0 , 0, 0 , 0, 0 , 0, 0 , 0, 0 , 0, 1,1,1,1,1,1,1,1,1,1,1,1,1,1,1,1,1,1,1,1,1,1,1,1,1,1,1,1,1,1,1,1,1,1,1,1,1,1, 1, 1, 1, 1, 1, 1, 1, 1, 1, 1, 1, 1, 1, 1, 1, 1, 1, 1, 1, 1, 1, 1, 1, 1, 1, 1, 1, 1, 1, 1, 1, 1, 1, 1, 1, 1, 1, 1, 1, 1, 1, 1, 1, 1, 1, 1, 1, 1, 1, 1, 1, 1, 1, 1, 1, 1, 1, 1, 1, 1, 1, 1, 1
1,16776766,0,8912429,0,8912427,0,10483767,0,8912937,0,16777183,0,32,0,131360,0,131232,0,8519719,0,8519719,0,8519727,0,8904751,0,8523823,0,8884271,0,8540207,0,8540207,0,8781743,0,8540207,0,57,0,41,0,4194337,0,2097185,0,523839,0,0 , 0, 0 , 0, 0 , 0, 0 , 0, 0 , 0, 0 , 0, 0 , 0, 0 , 0, 0 , 0, 0 , 0, 0 , 0, 0 , 0, 0 , 0, 0 , 0, 0 , 0, 0 , 0, 0 , 0, 0 , 0, 0 , 0, 0 , 0, 0 , 0, 0 , 0, 0 , 0, 0 , 0, 0 , 0, 0 , 0, 0 , 0, 0 , 0, 0 , 0, 0 , 0, 0 , 0, 0 , 0, 0 , 0, 0 , 0, 0 , 0, 0 , 0, 0 , 0, 0 , 0, 0 , 0, 0 , 0, 0 , 0, 0 , 0, 0 , 0, 0 , 0, 0 , 0, 0 , 0, 0 , 0, 0 , 0, 0 , 0, 0 , 0, 0 , 0, 0 , 0, 0 , 0, 0 , 0, 0 , 0, 0 , 0, 0 , 0, 0 , 0, 0 , 0, 0 , 0, 0 , 0, 0 , 0, 0 , 0, 0 , 0, 0 , 0, 0 , 0, 0 , 0, 0 , 0, 0 , 0, 0 , 0, 0 , 0, 0 , 0, 0 , 0, 0 , 0, 0 , 0, 0 , 0, 1,1,1,1,1,1,1,1,1,1,1,1,1,1,1,1,1,1,1,1,1,1,1,1, 1, 1, 1, 1, 1, 1, 1, 1, 1, 1, 1, 1, 1, 1, 1, 1, 1, 1, 1, 1, 1, 1, 1, 1, 1, 1, 1, 1, 1, 1, 1, 1, 1, 1, 1, 1, 1, 1, 1, 1, 1, 1, 1, 1, 1, 1, 1, 1, 1, 1, 1, 1, 1, 1, 1, 1, 1, 1, 1, 1, 1, 1, 1, 1, 1, 1, 1, 1, 1, 1, 1, 1, 1, 1, 1, 1, 1
1,18446744070565758494,536870911,14992518344425340927,536870911,536870911,532534912,532534935,136314880,18446744073709551599,536870911,536870911,134217728,134217872,402653184,402653264,402653184,6637325647376,402653184,6640010001681,402653184,6734485488401,402653184,4402744210192,402653184,4402744142608,402653184,4402744220432,402653184,4402744238864,402653184,6734508672785,402653184,6734508650257,402653184,4402747114256,402653184,7696581101329,404750336,6657190364945,402653184,6730692789265,402653184,6636149113616,402653184,6601787147024,402653184,6730684924945,402653184,6636167856912,402653184,6636211898128,402653184,6734418380561,402653184,6637862518544,402653184,6637302417168,402653184,6639416346128,402653184,6656059344657,402653184,6637805733392,402653184,6730213752593,402653184,6722103378961,402653184,6714587710481,402653184,6700144625425,402653184,17519651161105,404750336,8590339604497,404750336,8452900651025,404750336,16974115766289,404750336,7628266668049,404750336,15393162626833,404750336,30786325577489,404750336,271098740473873,404750336,8985209426935825,404750338,4611642038367027219,404752386,4987385148344339,404750336,7731766171271185,404750336,8708132496736273,404750336,8356288775847953,270532608,7652601199853585,270532608,6667438781366289,270532608,9218850845311893523,404752386,58581979932657683,270532610,1274553879188471827,270532610,1977115421058269203,270532610,2220309800936275987,270532610,2130237808388866067,270532610,1950093823294046227,270532610,1697892244161298451,270532610,17280346954863214611,270535167,1157460288876841471,270534658,10380797141359527955,270534659,5764607523304769555,417529855,14987979560306540543,274923518,18442293250915237887,270534669,10376293541732157471,270729211,10376293541732351995,270534711,10376293541732157495,270598125,10376293541732220927,283312093,10376293541744934879,270534709,10376293541732157495,468713269,10376293541930336055,270565045,9223372037125340855,468188597,9223372037322964407,434631605,17298361353536795575,270545919,9223372037125321727,417853365,9223372037272629175,270589877,9223372037125365687,417576885,9223372037272352695,535787189,535787191,404805248,9223372037259581075,274781861,274781879,421566080,421566103,505446528,505446551,404750336,18446744005395087391,534773759,9223372037389549567,279107233,9223372037133883063,408999584,408999607,438601344,438601367,489194112,489194135,438861824,9228438586435567615,398317184,18446744073709551575,268435455,0 , 0, 0 , 0, 0 , 0, 0 , 0, 0 , 0, 0 , 0, 0 , 0, 1,1,1,1,1,1,1,1,1,1,1,1,1,1,1,1,1,1,1,1,1,1,1,1,1,1,1,1,1,1,1,1,1,1,1,1,1,1,1,1,1,1,1,1,1,1,1,1,1,1,1,1,1,1,1,1,1,1,1,1,1,1,1,1,1,1,1,1,1,1,1,1,1,1,1,1,1,1,1,1,1,1,1,1,1,1,1,1,1,1,1,1,1, 1, 1, 1, 1, 1, 1, 1, 1
1,2199023255438,0,2199023255437,0,1924556390283,0,2199023255543,0,549755813896,0,1649267441736,0,1649267441704,0,1924280090383,0,1924145348751,0,1924145872015,0,1924145349263,0,1924280087183,0,1924145351311,0,1924280076943,0,1924145359503,0,1924280035983,0,1924145392271,0,1924281445007,0,1924287605391,0,1374524145679,0,1374824038415,0,1374525063183,0,1374852218895,0,1374797430795,0,1374830985227,0,1374813159435,0,275280560139,0,2198888949903,0,1399350886415,0,331920441355,0,299439751179,0,297829138443,0,888924012555,0,330846699531,0,1082197540875,0,924089057291,0,1013746499595,0,910667284491,0,1924145348495,0,1636517281791,0,825103482863,0,0 , 0, 0 , 0, 0 , 0, 0 , 0, 0 , 0, 0 , 0, 0 , 0, 0 , 0, 0 , 0, 0 , 0, 0 , 0, 0 , 0, 0 , 0, 0 , 0, 0 , 0, 0 , 0, 0 , 0, 0 , 0, 0 , 0, 0 , 0, 0 , 0, 0 , 0, 0 , 0, 0 , 0, 0 , 0, 0 , 0, 0 , 0, 0 , 0, 0 , 0, 0 , 0, 0 , 0, 0 , 0, 0 , 0, 0 , 0, 0 , 0, 0 , 0, 0 , 0, 0 , 0, 0 , 0, 0 , 0, 0 , 0, 0 , 0, 0 , 0, 0 , 0, 0 , 0, 0 , 0, 0 , 0, 0 , 0, 0 , 0, 0 , 0, 0 , 0, 0 , 0, 0 , 0, 0 , 0, 0 , 0, 0 , 0, 0 , 0, 0 , 0, 0 , 0, 1,1,1,1,1,1,1,1,1,1,1,1,1,1,1,1,1,1,1,1,1,1,1,1,1,1,1,1,1,1,1,1,1,1,1,1,1,1,1,1,1, 1, 1, 1, 1, 1, 1, 1, 1, 1, 1, 1, 1, 1, 1, 1, 1, 1, 1, 1, 1, 1, 1, 1, 1, 1, 1, 1, 1, 1, 1, 1, 1, 1, 1, 1, 1, 1, 1, 1, 1, 1, 1, 1, 1, 1, 1, 1, 1, 1, 1, 1, 1, 1, 1, 1, 1, 1, 1, 1, 1
1,4194302,0,4194301,0,4194299,0,32759,0,32751,0,32735,0,32703,0,32639,0,32511,0,32255,0,31743,0,30719,0,28671,0,24575,0,16383,0,7,0,7,0,7,0,7,0,3145735,0,6815751,0,1572871,0,1048576,0,0 , 0, 0 , 0, 0 , 0, 0 , 0, 0 , 0, 0 , 0, 0 , 0, 0 , 0, 0 , 0, 0 , 0, 0 , 0, 0 , 0, 0 , 0, 0 , 0, 0 , 0, 0 , 0, 0 , 0, 0 , 0, 0 , 0, 0 , 0, 0 , 0, 0 , 0, 0 , 0, 0 , 0, 0 , 0, 0 , 0, 0 , 0, 0 , 0, 0 , 0, 0 , 0, 0 , 0, 0 , 0, 0 , 0, 0 , 0, 0 , 0, 0 , 0, 0 , 0, 0 , 0, 0 , 0, 0 , 0, 0 , 0, 0 , 0, 0 , 0, 0 , 0, 0 , 0, 0 , 0, 0 , 0, 0 , 0, 0 , 0, 0 , 0, 0 , 0, 0 , 0, 0 , 0, 0 , 0, 0 , 0, 0 , 0, 0 , 0, 0 , 0, 0 , 0, 0 , 0, 0 , 0, 0 , 0, 0 , 0, 0 , 0, 0 , 0, 0 , 0, 0 , 0, 0 , 0, 0 , 0, 0 , 0, 0 , 0, 0 , 0, 0 , 0, 0 , 0, 0 , 0, 0 , 0, 0 , 0, 1,1,1,1,1,1,1,1,1,1,1,1,1,1,1,1,1,1,1,1,1,1,1, 1, 1, 1, 1, 1, 1, 1, 1, 1, 1, 1, 1, 1, 1, 1, 1, 1, 1, 1, 1, 1, 1, 1, 1, 1, 1, 1, 1, 1, 1, 1, 1, 1, 1, 1, 1, 1, 1, 1, 1, 1, 1, 1, 1, 1, 1, 1, 1, 1, 1, 1, 1, 1, 1, 1, 1, 1, 1, 1, 1, 1, 1, 1, 1, 1, 1, 1, 1, 1, 1, 1, 1, 1, 1, 1, 1, 1, 1
1,4194302,0,4194301,0,4194299,0,32759,0,32751,0,32735,0,32703,0,32639,0,32511,0,32255,0,31743,0,30719,0,28671,0,24575,0,16383,0,7,0,7,0,7,0,7,0,3145735,0,6815751,0,1572871,0,1048576,0,0 , 0, 0 , 0, 0 , 0, 0 , 0, 0 , 0, 0 , 0, 0 , 0, 0 , 0, 0 , 0, 0 , 0, 0 , 0, 0 , 0, 0 , 0, 0 , 0, 0 , 0, 0 , 0, 0 , 0, 0 , 0, 0 , 0, 0 , 0, 0 , 0, 0 , 0, 0 , 0, 0 , 0, 0 , 0, 0 , 0, 0 , 0, 0 , 0, 0 , 0, 0 , 0, 0 , 0, 0 , 0, 0 , 0, 0 , 0, 0 , 0, 0 , 0, 0 , 0, 0 , 0, 0 , 0, 0 , 0, 0 , 0, 0 , 0, 0 , 0, 0 , 0, 0 , 0, 0 , 0, 0 , 0, 0 , 0, 0 , 0, 0 , 0, 0 , 0, 0 , 0, 0 , 0, 0 , 0, 0 , 0, 0 , 0, 0 , 0, 0 , 0, 0 , 0, 0 , 0, 0 , 0, 0 , 0, 0 , 0, 0 , 0, 0 , 0, 0 , 0, 0 , 0, 0 , 0, 0 , 0, 0 , 0, 0 , 0, 0 , 0, 0 , 0, 0 , 0, 0 , 0, 0 , 0, 0 , 0, 1,1,1,1,1,1,1,1,1,1,1,1,1,1,1,1,1,1,1,1,1,1,1, 1, 1, 1, 1, 1, 1, 1, 1, 1, 1, 1, 1, 1, 1, 1, 1, 1, 1, 1, 1, 1, 1, 1, 1, 1, 1, 1, 1, 1, 1, 1, 1, 1, 1, 1, 1, 1, 1, 1, 1, 1, 1, 1, 1, 1, 1, 1, 1, 1, 1, 1, 1, 1, 1, 1, 1, 1, 1, 1, 1, 1, 1, 1, 1, 1, 1, 1, 1, 1, 1, 1, 1, 1, 1, 1, 1, 1, 1
1,34359738400,0,40802196516,0,40802189314,0,60129542176,0,42950295552,0,64439191499,0,34359738400,0,34359738400,0,34359738400,0,34359738400,0,34,0,6442450946,0,6442450946,0,6442450944,0,2147483648,0,60129542160,0,34359869456,0,34359803904,0,34359738368,0,1048592,0,524288,0,1606418464,0,1604321312,0,1600127008,0,48234496,0,2111832064,0,2061500416,0,1457520640,0,1860173824,0,1442840576,0,1054867456,0,38654736390,0,36507236390,0,51539640376,0,42949705768,0,32212747263,0,0 , 0, 0 , 0, 0 , 0, 0 , 0, 0 , 0, 0 , 0, 0 , 0, 0 , 0, 0 , 0, 0 , 0, 0 , 0, 0 , 0, 0 , 0, 0 , 0, 0 , 0, 0 , 0, 0 , 0, 0 , 0, 0 , 0, 0 , 0, 0 , 0, 0 , 0, 0 , 0, 0 , 0, 0 , 0, 0 , 0, 0 , 0, 0 , 0, 0 , 0, 0 , 0, 0 , 0, 0 , 0, 0 , 0, 0 , 0, 0 , 0, 0 , 0, 0 , 0, 0 , 0, 0 , 0, 0 , 0, 0 , 0, 0 , 0, 0 , 0, 0 , 0, 0 , 0, 0 , 0, 0 , 0, 0 , 0, 0 , 0, 0 , 0, 0 , 0, 0 , 0, 0 , 0, 0 , 0, 0 , 0, 0 , 0, 0 , 0, 0 , 0, 0 , 0, 0 , 0, 0 , 0, 0 , 0, 0 , 0, 0 , 0, 1,1,1,1,1,1,1,1,1,1,1,1,1,1,1,1,1,1,1,1,1,1,1,1,1,1,1,1,1,1,1,1,1,1,1,1, 1, 1, 1, 1, 1, 1, 1, 1, 1, 1, 1, 1, 1, 1, 1, 1, 1, 1, 1, 1, 1, 1, 1, 1, 1, 1, 1, 1, 1, 1, 1, 1, 1, 1, 1, 1, 1, 1, 1, 1, 1, 1, 1, 1, 1, 1, 1, 1, 1, 1, 1, 1, 1, 1, 1, 1, 1, 1, 1, 1, 1, 1, 1, 1, 1
1,0,0,3076,0,1026,0,4112,0,1614704680,0,1086324752,0,0,0,0,0,0,0,0,0,6,0,2,0,1073897496,0,1073877008,0,1073877008,0,1073741824,0,1073741824,0,1077702672,0,1073872912,0,1073872912,0,1075970064,0,1074921488,0,1073741856,0,1073741856,0,1107296256,0,1090519040,0,402653184,0,67108864,0,67108864,0,16,0,67104816,0,0 , 0, 0 , 0, 0 , 0, 0 , 0, 0 , 0, 0 , 0, 0 , 0, 0 , 0, 0 , 0, 0 , 0, 0 , 0, 0 , 0, 0 , 0, 0 , 0, 0 , 0, 0 , 0, 0 , 0, 0 , 0, 0 , 0, 0 , 0, 0 , 0, 0 , 0, 0 , 0, 0 , 0, 0 , 0, 0 , 0, 0 , 0, 0 , 0, 0 , 0, 0 , 0, 0 , 0, 0 , 0, 0 , 0, 0 , 0, 0 , 0, 0 , 0, 0 , 0, 0 , 0, 0 , 0, 0 , 0, 0 , 0, 0 , 0, 0 , 0, 0 , 0, 0 , 0, 0 , 0, 0 , 0, 0 , 0, 0 , 0, 0 , 0, 0 , 0, 0 , 0, 0 , 0, 0 , 0, 0 , 0, 0 , 0, 0 , 0, 0 , 0, 0 , 0, 0 , 0, 0 , 0, 0 , 0, 0 , 0, 0 , 0, 0 , 0, 0 , 0, 0 , 0, 0 , 0, 0 , 0, 1,1,1,1,1,1,1,1,1,1,1,1,1,1,1,1,1,1,1,1,1,1,1,1,1,1,1,1,1,1,1, 1, 1, 1, 1, 1, 1, 1, 1, 1, 1, 1, 1, 1, 1, 1, 1, 1, 1, 1, 1, 1, 1, 1, 1, 1, 1, 1, 1, 1, 1, 1, 1, 1, 1, 1, 1, 1, 1, 1, 1, 1, 1, 1, 1, 1, 1, 1, 1, 1, 1, 1, 1, 1, 1, 1, 1, 1, 1, 1, 1, 1, 1, 1, 1, 1, 1, 1, 1, 1, 1
1,1538,0,1537,0,13959428120,0,8589955076,0,4,0,4294967296,0,128,0,264676311360,0,128,0,3,0,3,0,4,0,8589934604,0,4,0,12,0,1073741828,0,1073741828,0,4,0,0,0,4,0,128,0,21474836608,0,128,0,128,0,34393292928,0,34376515712,0,70866960512,0,2147483776,0,141733920896,0,4294967296,0,98308,0,68920803456,0,155426226340,0,4108,0,4297064576,0,50331776,0,2214592640,0,4563402880,0,0 , 0, 0 , 0, 0 , 0, 0 , 0, 0 , 0, 0 , 0, 0 , 0, 0 , 0, 0 , 0, 0 , 0, 0 , 0, 0 , 0, 0 , 0, 0 , 0, 0 , 0, 0 , 0, 0 , 0, 0 , 0, 0 , 0, 0 , 0, 0 , 0, 0 , 0, 0 , 0, 0 , 0, 0 , 0, 0 , 0, 0 , 0, 0 , 0, 0 , 0, 0 , 0, 0 , 0, 0 , 0, 0 , 0, 0 , 0, 0 , 0, 0 , 0, 0 , 0, 0 , 0, 0 , 0, 0 , 0, 0 , 0, 0 , 0, 0 , 0, 0 , 0, 0 , 0, 0 , 0, 0 , 0, 0 , 0, 0 , 0, 0 , 0, 0 , 0, 0 , 0, 0 , 0, 0 , 0, 0 , 0, 0 , 0, 0 , 0, 0 , 0, 0 , 0, 0 , 0, 0 , 0, 0 , 0, 1,1,1,1,1,1,1,1,1,1,1,1,1,1,1,1,1,1,1,1,1,1,1,1,1,1,1,1,1,1,1,1,1,1,1,1,1,1, 1, 1, 1, 1, 1, 1, 1, 1, 1, 1, 1, 1, 1, 1, 1, 1, 1, 1, 1, 1, 1, 1, 1, 1, 1, 1, 1, 1, 1, 1, 1, 1, 1, 1, 1, 1, 1, 1, 1, 1, 1, 1, 1, 1, 1, 1, 1, 1, 1, 1, 1, 1, 1, 1, 1, 1, 1, 1, 1, 1, 1, 1, 1
1,2,0,16777217,0,0,0,25165824,0,20978688,0,117465088,0,16777216,0,16777216,0,16777216,0,16777216,0,4194320,0,4198416,0,20973584,0,50331680,0,67108896,0,25165824,0,16777216,0,0,0,16777216,0,16777216,0,16777216,0,16777216,0,16784400,0,16809992,0,117289978,0,16785440,0,16793632,0,0 , 0, 0 , 0, 0 , 0, 0 , 0, 0 , 0, 0 , 0, 0 , 0, 0 , 0, 0 , 0, 0 , 0, 0 , 0, 0 , 0, 0 , 0, 0 , 0, 0 , 0, 0 , 0, 0 , 0, 0 , 0, 0 , 0, 0 , 0, 0 , 0, 0 , 0, 0 , 0, 0 , 0, 0 , 0, 0 , 0, 0 , 0, 0 , 0, 0 , 0, 0 , 0, 0 , 0, 0 , 0, 0 , 0, 0 , 0, 0 , 0, 0 , 0, 0 , 0, 0 , 0, 0 , 0, 0 , 0, 0 , 0, 0 , 0, 0 , 0, 0 , 0, 0 , 0, 0 , 0, 0 , 0, 0 , 0, 0 , 0, 0 , 0, 0 , 0, 0 , 0, 0 , 0, 0 , 0, 0 , 0, 0 , 0, 0 , 0, 0 , 0, 0 , 0, 0 , 0, 0 , 0, 0 , 0, 0 , 0, 0 , 0, 0 , 0, 0 , 0, 0 , 0, 0 , 0, 0 , 0, 0 , 0, 0 , 0, 0 , 0, 0 , 0, 1,1,1,1,1,1,1,1,1,1,1,1,1,1,1,1,1,1,1,1,1,1,1,1,1,1,1, 1, 1, 1, 1, 1, 1, 1, 1, 1, 1, 1, 1, 1, 1, 1, 1, 1, 1, 1, 1, 1, 1, 1, 1, 1, 1, 1, 1, 1, 1, 1, 1, 1, 1, 1, 1, 1, 1, 1, 1, 1, 1, 1, 1, 1, 1, 1, 1, 1, 1, 1, 1, 1, 1, 1, 1, 1, 1, 1, 1, 1, 1, 1, 1, 1, 1, 1, 1, 1, 1, 1, 1, 1, 1
1,534773774,2048,970983437,2054,31459343,2054,31459335,2054,4503598585348070,4088,27267064,32,3248488496,56,27263032,288,12912165168,480,27263472,288,27263280,2336,206185695536,0,206185693200,0,206185693200,0,206185693200,512,30992511336976,1536,206185727504,1536,206185694736,2560,9007405440961024,2048,206185957376,0,206185693184,0,2305843009211596799,4094,1067454463,2054,576460752295034879,4094,144115188059078655,4094,31461375,0,31457281,2048,31459331,0,31457283,2048,31459330,0,27263056,40,27263096,48,27263280,352,27263344,416,27263408,288,27263280,288,144115050666260784,3840,72057387908857616,3584,206185696784,0,3504720576528,0,755941507088,0,755941507088,0,206185725968,1536,206185727504,512,206185726480,512,206185693712,1536,140943674050064,2560,70574929873424,2048,206185695248,2048,206185695248,0,206185693200,0,206185693200,0,206185693184,0,206185955328,2048,206185695232,0,206185693184,0,68746739712,0,10485760,2048,10487808,0,2097152,2048,2099200,2048,2048,2048,9223372036854777856,0,4611686018427387904,0,0,0,31457294,4,31457294,2,1101004882,32,2174746736,32,67672999920,2520,4322232792,288,8617197872,288,133171251120,2272,136545627785456,3072,39788604394512,512,4188840441189631519,800,0 , 0, 0 , 0, 0 , 0, 0 , 0, 0 , 0, 0 , 0, 0 , 0, 0 , 0, 0 , 0, 0 , 0, 0 , 0, 0 , 0, 0 , 0, 0 , 0, 0 , 0, 0 , 0, 0 , 0, 0 , 0, 0 , 0, 0 , 0, 0 , 0, 0 , 0, 0 , 0, 0 , 0, 1,1,1,1,1,1,1,1,1,1,1,1,1,1,1,1,1,1,1,1,1,1,1,1,1,1,1,1,1,1,1,1,1,1,1,1,1,1,1,1,1,1,1,1,1,1,1,1,1,1,1,1,1,1,1,1,1,1,1,1,1,1,1,1,1,1,1,1,1,1,1,1,1,1,1,1, 1, 1, 1, 1, 1, 1, 1, 1, 1, 1, 1, 1, 1, 1, 1, 1, 1, 1, 1, 1, 1, 1, 1, 1, 1
1,41938718,0,50323261,0,495371,0,495111,0,7865347,0,58720450,0,50331808,0,33554528,0,33586695,0,34077967,0,34077471,0,33584911,0,33558274,0,33558273,0,3843,0,67087,0,34319,0,263695,0,132623,0,1048595,0,524307,0,4194323,0,2097171,0,33554466,0,33554528,0,25182179,0,0 , 0, 0 , 0, 0 , 0, 0 , 0, 0 , 0, 0 , 0, 0 , 0, 0 , 0, 0 , 0, 0 , 0, 0 , 0, 0 , 0, 0 , 0, 0 , 0, 0 , 0, 0 , 0, 0 , 0, 0 , 0, 0 , 0, 0 , 0, 0 , 0, 0 , 0, 0 , 0, 0 , 0, 0 , 0, 0 , 0, 0 , 0, 0 , 0, 0 , 0, 0 , 0, 0 , 0, 0 , 0, 0 , 0, 0 , 0, 0 , 0, 0 , 0, 0 , 0, 0 , 0, 0 , 0, 0 , 0, 0 , 0, 0 , 0, 0 , 0, 0 , 0, 0 , 0, 0 , 0, 0 , 0, 0 , 0, 0 , 0, 0 , 0, 0 , 0, 0 , 0, 0 , 0, 0 , 0, 0 , 0, 0 , 0, 0 , 0, 0 , 0, 0 , 0, 0 , 0, 0 , 0, 0 , 0, 0 , 0, 0 , 0, 0 , 0, 0 , 0, 0 , 0, 0 , 0, 0 , 0, 0 , 0, 0 , 0, 0 , 0, 0 , 0, 0 , 0, 1,1,1,1,1,1,1,1,1,1,1,1,1,1,1,1,1,1,1,1,1,1,1,1,1,1, 1, 1, 1, 1, 1, 1, 1, 1, 1, 1, 1, 1, 1, 1, 1, 1, 1, 1, 1, 1, 1, 1, 1, 1, 1, 1, 1, 1, 1, 1, 1, 1, 1, 1, 1, 1, 1, 1, 1, 1, 1, 1, 1, 1, 1, 1, 1, 1, 1, 1, 1, 1, 1, 1, 1, 1, 1, 1, 1, 1, 1, 1, 1, 1, 1, 1, 1, 1, 1, 1, 1, 1, 1, 1, 1
1,14987979559889010686,2097151,45035997349543935,384,45035997348233633,1920,45035997347448737,256,45035997350592865,6400,5305309423881682909,2080764,4873035298080030717,2030060,117093591387470829,131072,45035997347618529,480,45035997347487201,480,45035997347453921,480,45035997347452897,480,45035997347450849,384,45035997347447265,256,117093866263314913,0,261208779461313505,131456,117093591385539041,12,3503800510094245933,131072,45035997347577893,768,45035997347447589,1280,45035997347448177,2048,45035997347448945,4096,45035997347450977,270336,45035997347717217,262144,45035997582590049,8192,45035997565558849,8192,45035997397786689,0,45035997397778497,0,45035997347446881,557056,45035997348003937,524288,1151232447514279935,2097148,45036027414315005,32768,45036025264767009,32768,45036003789930529,0,45036003789897761,0,45035997347446881,0,36028797018963969,131072,131073,131072,45036547103408225,1048576,45036272226402401,1048576,45035997348495425,0,45035997347446881,0,45590151207845985,131456,45040395394089441,0,45040395393957985,0,45040395393957985,131072,45040395394089025,131072,45040395394088961,131200,45040395394089089,131456,36028797019095425,131072,131073,131072,67553995484430337,384,38280597906391425,384,14972779704988205055,2097148,11259000144265213,384,16085731831621615615,2097149,45035997349543933,0,45035997347479617,0,45035997347446785,128,45035997347446945,0,36028797019095040,131072,131072,131072,45035996273836129,131072,45035996273836033,131072,36028797019095041,131072,131073,131072,45035997347643489,8,45035997347512425,4,45035997347446821,0,45035997347450721,384,45035997347450849,384,358462781961314279,131936,70091668322172799,134880,45035997347843813,384,45035997347971493,256,45035997348495729,256,45035997349544305,0,45035997401972833,262144,45035997347708993,0,45036004058333281,524288,45035997347971105,0,17341079786096853217,387,45035997360030179,8192,45035998152761441,32768,45036821981200481,0,0 , 0, 0 , 0, 0 , 0, 0 , 0, 0 , 0, 0 , 0, 0 , 0, 0 , 0, 0 , 0, 0 , 0, 0 , 0, 0 , 0, 0 , 0, 0 , 0, 0 , 0, 1,1,1,1,1,1,1,1,1,1,1,1,1,1,1,1,1,1,1,1,1,1,1,1,1,1,1,1,1,1,1,1,1,1,1,1,1,1,1,1,1,1,1,1,1,1,1,1,1,1,1,1,1,1,1,1,1,1,1,1,1,1,1,1,1,1,1,1,1,1,1,1,1,1,1,1,1,1,1,1,1,1,1,1,1, 1, 1, 1, 1, 1, 1, 1, 1, 1, 1, 1, 1, 1, 1, 1, 1
1,4467570830485717022,1,2738188573442277381,1,2738188573442277379,1,2305843009214709761,0,4035225266175311873,0,537886720,0,537886720,0,537886720,0,4611686018965274624,0,13835058176079135744,0,13835058055820050944,0,4611686018965274624,1,35184909918209,1,537825281,0,537821184,0,18311636084888403967,1,18302646477819645951,1,18302910360610275327,1,18304880685447118847,1,18303191835586592767,1,2305843009214709761,0,2305843009214709761,1,2305843009214709761,0,2305843009214709761,1,2882303761518133265,0,3458764513821556753,0,2305843009214709761,0,2305843009214709760,0,2305843009214709760,0,13835621004162891744,1,537886721,0,13422788608,0,2685370368,0,2685370368,0,13835058055820050944,0,4611686018965275136,0,4611686018965275136,0,13835058055820050432,0,4611686568721088512,1,275415793665,1,537886721,1,537886721,0,537886720,0,537886720,0,537821184,0,537825280,1,537821185,0,537821184,0,537690112,0,294912,1,294913,0,32768,1,32769,1,1,1,36028797018963969,0,18014398509481984,0,0,0,2594073385366421511,0,2449958197290565639,0,2305843009231486993,0,2305843009248264209,0,2161727821674676255,1,9223372569968611073,1,4611686173584098817,0,6933891685356115975,0,0 , 0, 0 , 0, 0 , 0, 0 , 0, 0 , 0, 0 , 0, 0 , 0, 0 , 0, 0 , 0, 0 , 0, 0 , 0, 0 , 0, 0 , 0, 0 , 0, 0 , 0, 0 , 0, 0 , 0, 0 , 0, 0 , 0, 0 , 0, 0 , 0, 0 , 0, 0 , 0, 0 , 0, 0 , 0, 0 , 0, 0 , 0, 0 , 0, 0 , 0, 0 , 0, 0 , 0, 0 , 0, 0 , 0, 0 , 0, 0 , 0, 1,1,1,1,1,1,1,1,1,1,1,1,1,1,1,1,1,1,1,1,1,1,1,1,1,1,1,1,1,1,1,1,1,1,1,1,1,1,1,1,1,1,1,1,1,1,1,1,1,1,1,1,1,1,1,1,1,1,1,1,1,1,1,1,1, 1, 1, 1, 1, 1, 1, 1, 1, 1, 1, 1, 1, 1, 1, 1, 1, 1, 1, 1, 1, 1, 1, 1, 1, 1, 1, 1, 1, 1, 1, 1, 1, 1, 1, 1, 1
1,18014398509692934,0,18119951625762821,0,18119951625762819,0,562949953435648,0,985162419288064,0,5066549580806144,0,8444249304479744,0,5066549580797952,0,23080948090279936,0,100669440,0,100669440,0,35995811670128639,0,35994162402684927,0,26986413396318335,0,18014398509496320,0,18014398509496320,0,14337,0,18014398509496321,0,703687441790992,0,844424930146320,0,6192449487648832,0,7318349394491456,0,5066549589186560,0,5066549584992256,0,5066549580797952,0,22518032429489664,0,18014415588695552,0,100669440,0,1711282176,0,369104896,0,369104896,0,18014398610151424,0,100669440,0,100669440,0,33560576,0,9007199254747136,0,18014398509488128,0,18014398509488128,0,6144,0,18014398509484032,0,18014398509484032,0,18014398509481984,0,8796093022208,0,4398046511104,0,0,0,18084767253673990,0,18049582881585158,0,562949953697808,0,562949953959952,0,26317910355753464,0,5066549581854784,0,5066549582903360,0,21955048249506272,0,18014432869226496,0,14183358649268487,0,0 , 0, 0 , 0, 0 , 0, 0 , 0, 0 , 0, 0 , 0, 0 , 0, 0 , 0, 0 , 0, 0 , 0, 0 , 0, 0 , 0, 0 , 0, 0 , 0, 0 , 0, 0 , 0, 0 , 0, 0 , 0, 0 , 0, 0 , 0, 0 , 0, 0 , 0, 0 , 0, 0 , 0, 0 , 0, 0 , 0, 0 , 0, 0 , 0, 0 , 0, 0 , 0, 0 , 0, 0 , 0, 0 , 0, 0 , 0, 0 , 0, 0 , 0, 0 , 0, 0 , 0, 0 , 0, 0 , 0, 0 , 0, 0 , 0, 0 , 0, 0 , 0, 0 , 0, 1,1,1,1,1,1,1,1,1,1,1,1,1,1,1,1,1,1,1,1,1,1,1,1,1,1,1,1,1,1,1,1,1,1,1,1,1,1,1,1,1,1,1,1,1,1,1,1,1,1,1,1,1,1,1, 1, 1, 1, 1, 1, 1, 1, 1, 1, 1, 1, 1, 1, 1, 1, 1, 1, 1, 1, 1, 1, 1, 1, 1, 1, 1, 1, 1, 1, 1, 1, 1, 1, 1, 1, 1, 1, 1, 1, 1, 1, 1, 1, 1, 1, 1
1,18446744073705373694,30657,18446744073705390077,30657,1073772483,4416,127192601391536115,20800,8792871817579,20800,1073762651,20800,3299608645971,4160,1073745995,20544,281476050473035,20544,1125900980606027,20544,1073762891,20544,6755400514818115,20544,1152921505680617539,5632,1073747459,5632,38400,2054,18438,2054,2054,4096,4096,4096,4096,4096,4096,4096,1075843072,4128,1074794528,4096,1073745923,4096,1073745923,4096,1107300355,4096,1090523139,4096,1073745923,12352,1073754179,4160,1073745987,4288,1073746115,4160,18446744072634777599,30657,1073772483,4160,1073746011,20800,1073762651,20800,1073762651,20800,1073762651,20800,1073762651,20800,275951669595,20544,138512715867,20544,1073762395,20544,6598143529043,4160,5498631884883,4160,29687887695955,4160,4399120257091,4160,4399120257091,4160,1073745995,20544,1073762379,20544,1073762379,20544,562951027183947,20544,281476050473035,20544,1073762883,20544,4503600701134915,20544,11259000142190659,4160,4503600701116483,4160,1073745995,20544,72057595111690315,20544,180143986168582219,4160,72057595111673923,4160,1073745987,4096,1073745923,5632,1073747459,5632,1073747459,5632,9223372037928523267,4609,4611686019501134339,4608,4611686019501134339,4608,53760,2048,51200,2048,2048,0,0,0,1048576,4096,288230376084611071,29056,1342206339,4160,134217732223,20544,17870283322479898691,5121,4035225267197719555,4608,53760,6,18446744073709502463,26593,1140877283,4160,58512707074138107,4416,0 , 0, 0 , 0, 0 , 0, 0 , 0, 0 , 0, 0 , 0, 0 , 0, 0 , 0, 0 , 0, 0 , 0, 0 , 0, 0 , 0, 0 , 0, 0 , 0, 0 , 0, 0 , 0, 0 , 0, 0 , 0, 0 , 0, 0 , 0, 0 , 0, 1,1,1,1,1,1,1,1,1,1,1,1,1,1,1,1,1,1,1,1,1,1,1,1,1,1,1,1,1,1,1,1,1,1,1,1,1,1,1,1,1,1,1,1,1,1,1,1,1,1,1,1,1,1,1,1,1,1,1,1,1,1,1,1,1,1,1,1,1,1,1,1,1,1,1,1,1,1,1, 1, 1, 1, 1, 1, 1, 1, 1, 1, 1, 1, 1, 1, 1, 1, 1, 1, 1, 1, 1, 1, 1
1,536871296,0,1744830468,0,1744830466,0,805460128,0,536870912,0,805368008,0,536920224,0,1879105385,0,1610614401,0,536872320,0,536871808,0,536871048,0,536871080,0,536870944,0,536903912,0,536887520,0,536870912,0,805306376,0,537395200,0,537133056,0,536870912,0,536870912,0,536870912,0,2684354560,0,536870912,0,603979776,0,570425344,0,1610612742,0,537002152,0,3758096383,0,671089030,0,545259520,0,0 , 0, 0 , 0, 0 , 0, 0 , 0, 0 , 0, 0 , 0, 0 , 0, 0 , 0, 0 , 0, 0 , 0, 0 , 0, 0 , 0, 0 , 0, 0 , 0, 0 , 0, 0 , 0, 0 , 0, 0 , 0, 0 , 0, 0 , 0, 0 , 0, 0 , 0, 0 , 0, 0 , 0, 0 , 0, 0 , 0, 0 , 0, 0 , 0, 0 , 0, 0 , 0, 0 , 0, 0 , 0, 0 , 0, 0 , 0, 0 , 0, 0 , 0, 0 , 0, 0 , 0, 0 , 0, 0 , 0, 0 , 0, 0 , 0, 0 , 0, 0 , 0, 0 , 0, 0 , 0, 0 , 0, 0 , 0, 0 , 0, 0 , 0, 0 , 0, 0 , 0, 0 , 0, 0 , 0, 0 , 0, 0 , 0, 0 , 0, 0 , 0, 0 , 0, 0 , 0, 0 , 0, 0 , 0, 0 , 0, 0 , 0, 0 , 0, 0 , 0, 0 , 0, 0 , 0, 1,1,1,1,1,1,1,1,1,1,1,1,1,1,1,1,1,1,1,1,1,1,1,1,1,1,1,1,1,1,1,1, 1, 1, 1, 1, 1, 1, 1, 1, 1, 1, 1, 1, 1, 1, 1, 1, 1, 1, 1, 1, 1, 1, 1, 1, 1, 1, 1, 1, 1, 1, 1, 1, 1, 1, 1, 1, 1, 1, 1, 1, 1, 1, 1, 1, 1, 1, 1, 1, 1, 1, 1, 1, 1, 1, 1, 1, 1, 1, 1, 1, 1, 1, 1, 1, 1, 1, 1, 1, 1
1,17293820373904654302,246015,17870281396740685823,245887,523519,0,262151,0,136365219875,0,130996510738,0,576458553280168323,196608,576458553280364871,196608,1125899907039427,131072,131075,49152,51207,0,17415,0,8199,0,70866980919,49160,60431,0,1,0,1,0,1,0,15,0,3,0,6291459,0,1048579,0,1048579,0,3,0,1,0,201326593,0,33554432,0,33554432,0,0,8192,8195,0,19,0,1095216668723,0,2147483666,0,2147483698,0,2147483698,0,2147483698,0,2147491890,0,2147483650,0,2147483648,0,2147483648,0,0,4096,4291,0,8796093022403,0,4398046511299,0,195,0,195,0,422212465066179,0,70368744177859,0,70368744177859,0,195,0,451,131072,131267,65536,63050394783252675,65536,4503599627436227,65536,4503599627436227,65536,4503599627436227,65536,65731,65536,65731,196608,196803,0,1,0,2,0,3,49152,9223372036854824963,0,4611686018427387907,0,3,0,3,4,7,2,8195,0,3,32,35,16,19,0,1,256,256,128,128,2048,2048,0,0,512,1099511628288,0,268435456,0,2305843009213702659,32768,2305843009213735427,16384,285978576338043075,131072,145241087982830019,65536,0 , 0, 0 , 0, 0 , 0, 0 , 0, 0 , 0, 0 , 0, 0 , 0, 0 , 0, 0 , 0, 0 , 0, 0 , 0, 0 , 0, 0 , 0, 0 , 0, 0 , 0, 0 , 0, 0 , 0, 0 , 0, 1,1,1,1,1,1,1,1,1,1,1,1,1,1,1,1,1,1,1,1,1,1,1,1,1,1,1,1,1,1,1,1,1,1,1,1,1,1,1,1,1,1,1,1,1,1,1,1,1,1,1,1,1,1,1,1,1,1,1,1,1,1,1,1,1,1,1,1,1,1,1,1,1,1,1,1,1,1,1,1,1,1, 1, 1, 1, 1, 1, 1, 1, 1, 1, 1, 1, 1, 1, 1, 1, 1, 1, 1, 1
1,6146,0,6145,0,35184374175768,0,6148,0,3151876,0,6144,0,2199040038912,0,6144,0,4294973440,0,2048,0,17179871232,0,70368744175615,0,51685636434431,0,2199560132608,0,35184372094980,0,35184372094980,0,35184372094980,0,35184372094980,0,6148,0,6148,0,6164,0,4200464,0,2103296,0,6144,0,6208,0,6144,0,6144,0,4398046517248,0,4398046517248,0,2199023269888,0,6144,0,6144,0,6400,0,17592186046464,0,3072,0,2048,0,2048,0,549755815936,0,549755815936,0,412316862464,0,6144,0,4398583396416,0,2199425914880,0,6144,0,8589936640,0,251908,0,0 , 0, 0 , 0, 0 , 0, 0 , 0, 0 , 0, 0 , 0, 0 , 0, 0 , 0, 0 , 0, 0 , 0, 0 , 0, 0 , 0, 0 , 0, 0 , 0, 0 , 0, 0 , 0, 0 , 0, 0 , 0, 0 , 0, 0 , 0, 0 , 0, 0 , 0, 0 , 0, 0 , 0, 0 , 0, 0 , 0, 0 , 0, 0 , 0, 0 , 0, 0 , 0, 0 , 0, 0 , 0, 0 , 0, 0 , 0, 0 , 0, 0 , 0, 0 , 0, 0 , 0, 0 , 0, 0 , 0, 0 , 0, 0 , 0, 0 , 0, 0 , 0, 0 , 0, 0 , 0, 0 , 0, 0 , 0, 0 , 0, 0 , 0, 0 , 0, 0 , 0, 0 , 0, 0 , 0, 1,1,1,1,1,1,1,1,1,1,1,1,1,1,1,1,1,1,1,1,1,1,1,1,1,1,1,1,1,1,1,1,1,1,1,1,1,1,1,1,1,1,1,1,1,1, 1, 1, 1, 1, 1, 1, 1, 1, 1, 1, 1, 1, 1, 1, 1, 1, 1, 1, 1, 1, 1, 1, 1, 1, 1, 1, 1, 1, 1, 1, 1, 1, 1, 1, 1, 1, 1, 1, 1, 1, 1, 1, 1, 1, 1, 1, 1, 1, 1, 1, 1, 1, 1, 1, 1
1,133278179312,0,3087073292,0,939589642,0,6,0,33,0,17,0,12892307585,0,8590000193,0,4295032833,0,65537,0,65537,0,65537,0,1,0,0,0,65536,0,65537,0,134217650119,0,65537,0,65537,0,65537,0,12891258945,0,4296081473,0,12886016065,0,4295032833,0,73014509569,0,21474902017,0,65537,0,65542,0,65542,0,65542,0,0,0,2,0,128915145025,0,4300275905,0,4328587265,0,4295032833,0,4311810049,0,0 , 0, 0 , 0, 0 , 0, 0 , 0, 0 , 0, 0 , 0, 0 , 0, 0 , 0, 0 , 0, 0 , 0, 0 , 0, 0 , 0, 0 , 0, 0 , 0, 0 , 0, 0 , 0, 0 , 0, 0 , 0, 0 , 0, 0 , 0, 0 , 0, 0 , 0, 0 , 0, 0 , 0, 0 , 0, 0 , 0, 0 , 0, 0 , 0, 0 , 0, 0 , 0, 0 , 0, 0 , 0, 0 , 0, 0 , 0, 0 , 0, 0 , 0, 0 , 0, 0 , 0, 0 , 0, 0 , 0, 0 , 0, 0 , 0, 0 , 0, 0 , 0, 0 , 0, 0 , 0, 0 , 0, 0 , 0, 0 , 0, 0 , 0, 0 , 0, 0 , 0, 0 , 0, 0 , 0, 0 , 0, 0 , 0, 0 , 0, 0 , 0, 0 , 0, 0 , 0, 0 , 0, 0 , 0, 0 , 0, 1,1,1,1,1,1,1,1,1,1,1,1,1,1,1,1,1,1,1,1,1,1,1,1,1,1,1,1,1,1,1,1,1,1,1,1,1, 1, 1, 1, 1, 1, 1, 1, 1, 1, 1, 1, 1, 1, 1, 1, 1, 1, 1, 1, 1, 1, 1, 1, 1, 1, 1, 1, 1, 1, 1, 1, 1, 1, 1, 1, 1, 1, 1, 1, 1, 1, 1, 1, 1, 1, 1, 1, 1, 1, 1, 1, 1, 1, 1, 1, 1, 1, 1, 1, 1, 1, 1, 1, 1
1,18446726000486641662,268435455,18446497783373365247,3211263,16140901064503394303,7,16140901064500217847,7,16140901064500217839,1048607,13835058055287572447,1048607,5406783,0,4358207,0,4359743,14,4358463,0,4358463,0,4123169095681,167772160,687363031040,0,2147647489,33554432,53720809473,33554432,18446744073709518847,268173311,35115921047551,234881024,18446744073709420543,268435455,35115921047551,234881024,549991186432,0,549756305409,33554432,37912577,0,18446181123900999679,20054015,24379391,0,33718273,16777216,16941057,16777216,16941057,16777216,21135361,0,1610776577,33554432,1375895553,33554432,839024641,33554432,12918644737,37748736,2185396225,37748736,2185396225,33554432,33734657,33554432,33734657,33554432,549789859840,0,549756309504,0,549756307456,0,34565898868737,234881024,549991188481,33554432,549789861889,33554432,549789859841,33554432,549789859841,0,549756305408,0,163843,0,163841,0,163841,0,163843,0,4358147,0,33776997209636867,0,5629499538571267,0,3377699724886019,0,1125899911200771,0,1125899911200771,0,504403158269853699,0,36028797023322115,0,36028797023322115,0,36028797023322115,0,4358147,0,4358147,0,4358175,0,4358207,0,4358207,0,4358207,0,4358463,0,4358463,0,4358451,0,4358195,0,4358147,1048640,5406787,1048736,5406883,1048640,5406787,1052160,5410307,1051904,5410051,1051392,5409539,1050368,5408515,8192,4366339,4096,4362243,1081344,5406723,1064960,5423105,2097152,2260993,0,131073,0,163841,0,4358195,2150368,6475747,1114112,6443728897,33554432,33718273,50331648,121798657,8388608,8314798204929,213909504,549970214913,33554432,549789861889,33554432,0 , 0, 0 , 0, 0 , 0, 0 , 0, 0 , 0, 0 , 0, 0 , 0, 0 , 0, 1,1,1,1,1,1,1,1,1,1,1,1,1,1,1,1,1,1,1,1,1,1,1,1,1,1,1,1,1,1,1,1,1,1,1,1,1,1,1,1,1,1,1,1,1,1,1,1,1,1,1,1,1,1,1,1,1,1,1,1,1,1,1,1,1,1,1,1,1,1,1,1,1,1,1,1,1,1,1,1,1,1,1,1,1,1,1,1,1,1,1,1, 1, 1, 1, 1, 1, 1, 1, 1, 1
1,18014398509482176,0,18014398509483072,0,18014398509482048,0,18410715276690579568,2047,1099150988029069311,0,90071992547409928,0,270215977642489759,0,18014398509482049,0,54043195528446016,0,18014398509482048,0,18014398509482050,0,0,0,18014398509482048,0,234187180623282248,0,234187180623372360,0,234187180623282248,0,234187180623282248,0,234187180623265880,0,234187180623265816,0,378302368699121688,0,666532744852930584,0,666532744851882008,0,90071992547409944,0,90071992547409944,0,90071992547409944,0,90071992547409944,0,90071992547409928,0,90071992547409928,0,90071992547409928,0,90071992547409928,0,90071992547409928,0,90071992547409928,0,90071992547409928,0,90071992547409928,0,90071992547409928,0,90071992547409928,0,90071992547409928,0,90071992547409928,0,90071992547409928,0,90071992547409928,0,90071992547409928,0,90071992547409928,0,90071992547409928,0,90071992547409944,0,90071992547409944,0,90071992547409944,0,90071992547409944,0,90071992547409944,0,90071992547409928,0,90071992547409928,0,90071992547409928,0,90071992547409928,0,72057594037927944,1024,72057594037928968,1024,18415218876317956095,2047,18014398509484031,0,18338657682652651640,2047,90071992547928063,0,90071992547934232,0,90071992550555672,0,90071992547409928,0,90071992547409928,0,90071992547409928,0,90071992547409928,0,90071992547409928,0,90071992547409928,0,90071992547409928,0,90071992547409928,0,90071992547409928,0,90071992547409928,0,90071992547409928,0,90071992547409928,0,90071992547409928,0,90071992547409928,0,103582791429521416,0,0 , 0, 0 , 0, 0 , 0, 0 , 0, 0 , 0, 0 , 0, 0 , 0, 0 , 0, 0 , 0, 0 , 0, 0 , 0, 0 , 0, 0 , 0, 0 , 0, 0 , 0, 0 , 0, 0 , 0, 0 , 0, 0 , 0, 0 , 0, 0 , 0, 0 , 0, 0 , 0, 0 , 0, 0 , 0, 1,1,1,1,1,1,1,1,1,1,1,1,1,1,1,1,1,1,1,1,1,1,1,1,1,1,1,1,1,1,1,1,1,1,1,1,1,1,1,1,1,1,1,1,1,1,1,1,1,1,1,1,1,1,1,1,1,1,1,1,1,1,1,1,1,1,1,1,1,1,1,1,1,1,1, 1, 1, 1, 1, 1, 1, 1, 1, 1, 1, 1, 1, 1, 1, 1, 1, 1, 1, 1, 1, 1, 1, 1, 1, 1, 1
1,17870283321406127582,31,2305843009213648895,30,1152921504610517343,6,1186698506107093063,0,216172782113783811,0,450,0,17365880163140632495,31,1152921504606849919,4,17293822569119481575,31,479,0,1152921504606849347,4,17293822569102767559,29,8070450532247947613,12,10376293541461641549,13,17293822569102719311,29,1152921504606849373,12,1152921504606847311,4,1152921504607109447,4,1152921504606978375,4,1152921504609993031,6,1152921504609468743,6,1152921504608420167,6,1152921504615235911,4,1152921504611041607,4,1152921504640401479,4,1152921505093386311,4,1152921505043054663,4,1152921504975945799,4,1152921504841728071,4,1152921504606847047,0,1152921506754330691,0,1152921505680588867,0,1152921504606847051,0,1152921504606847043,0,1152921538966585411,0,1152921590506192963,0,1152921538966585411,0,1152921504606847043,0,1152921504606847043,0,1152921504606847043,0,1152923703630102595,0,1152927002164985923,0,1152923703630102595,0,1152921504606847043,0,1152921504606847043,0,1152921504606847043,0,1153062242095202371,0,1153273348327735363,0,1153062242095202371,0,1152921504606847043,0,1152921504606847043,0,1152921504606847051,0,1152921504606847051,0,1152921504606847051,0,1152921504606847051,0,1152921504606847043,0,144115188075855891,0,360287970189639699,0,144115188075855875,0,2,0,16212958658533785039,31,5764607523034257759,12,3458764513820563789,12,1152921504606873933,13,10376293541461649741,12,1152921504610517327,4,17293822569639574983,27,17293822569102768475,21,1152921504606865751,12,0 , 0, 0 , 0, 0 , 0, 0 , 0, 0 , 0, 0 , 0, 0 , 0, 0 , 0, 0 , 0, 0 , 0, 0 , 0, 0 , 0, 0 , 0, 0 , 0, 0 , 0, 0 , 0, 0 , 0, 0 , 0, 0 , 0, 0 , 0, 0 , 0, 0 , 0, 0 , 0, 0 , 0, 0 , 0, 0 , 0, 0 , 0, 0 , 0, 0 , 0, 0 , 0, 0 , 0, 1,1,1,1,1,1,1,1,1,1,1,1,1,1,1,1,1,1,1,1,1,1,1,1,1,1,1,1,1,1,1,1,1,1,1,1,1,1,1,1,1,1,1,1,1,1,1,1,1,1,1,1,1,1,1,1,1,1,1,1,1,1,1,1,1,1,1,1,1, 1, 1, 1, 1, 1, 1, 1, 1, 1, 1, 1, 1, 1, 1, 1, 1, 1, 1, 1, 1, 1, 1, 1, 1, 1, 1, 1, 1, 1, 1, 1, 1
1,3407878,0,3407877,0,4456443,0,4456436,0,4210668,0,4210652,0,188,0,124,0,4194364,0,60,0,260156,0,259132,0,257084,0,23612,0,244748,0,23564,0,154636,0,89100,0,3145731,0,0,0,2359299,0,1310723,0,316,0,0 , 0, 0 , 0, 0 , 0, 0 , 0, 0 , 0, 0 , 0, 0 , 0, 0 , 0, 0 , 0, 0 , 0, 0 , 0, 0 , 0, 0 , 0, 0 , 0, 0 , 0, 0 , 0, 0 , 0, 0 , 0, 0 , 0, 0 , 0, 0 , 0, 0 , 0, 0 , 0, 0 , 0, 0 , 0, 0 , 0, 0 , 0, 0 , 0, 0 , 0, 0 , 0, 0 , 0, 0 , 0, 0 , 0, 0 , 0, 0 , 0, 0 , 0, 0 , 0, 0 , 0, 0 , 0, 0 , 0, 0 , 0, 0 , 0, 0 , 0, 0 , 0, 0 , 0, 0 , 0, 0 , 0, 0 , 0, 0 , 0, 0 , 0, 0 , 0, 0 , 0, 0 , 0, 0 , 0, 0 , 0, 0 , 0, 0 , 0, 0 , 0, 0 , 0, 0 , 0, 0 , 0, 0 , 0, 0 , 0, 0 , 0, 0 , 0, 0 , 0, 0 , 0, 0 , 0, 0 , 0, 0 , 0, 0 , 0, 0 , 0, 0 , 0, 0 , 0, 0 , 0, 0 , 0, 0 , 0, 1,1,1,1,1,1,1,1,1,1,1,1,1,1,1,1,1,1,1,1,1,1,1, 1, 1, 1, 1, 1, 1, 1, 1, 1, 1, 1, 1, 1, 1, 1, 1, 1, 1, 1, 1, 1, 1, 1, 1, 1, 1, 1, 1, 1, 1, 1, 1, 1, 1, 1, 1, 1, 1, 1, 1, 1, 1, 1, 1, 1, 1, 1, 1, 1, 1, 1, 1, 1, 1, 1, 1, 1, 1, 1, 1, 1, 1, 1, 1, 1, 1, 1, 1, 1, 1, 1, 1, 1, 1, 1, 1, 1, 1
1,576460752303424704,8192,8384,8192,9223372036854784192,8196,1610620996,10240,67102816,8192,8272,8192,18446744073709551551,32767,18446739675663073279,8207,8271,8192,8256,8192,576460752303431873,8192,8256,8192,8256,8192,8256,8192,8272,8192,8272,8192,139344,8192,73808,8192,8272,8192,3154000,8192,65544272,8192,1581136,8192,9445456,8192,5251152,8192,1056848,8192,1056848,8192,8256,8192,8256,8192,8256,8192,8264,8192,8264,8192,12884910144,9216,2147492928,9216,2147492928,9216,9280,8192,8256,8576,8640,8320,8384,8192,8256,8240,8304,8208,8272,8192,8256,8192,9223372036854784192,8198,8390,8196,35184372097220,0,17592186044608,0,192,8192,844424930140352,8192,140737488363712,8192,140737488363712,8192,2251799813693632,8192,1125899906851008,8192,9007199254749376,0,4503599627370688,0,36028797018964160,0,18014398509482176,0,144115188075856064,0,72057594037928128,0,3458764513820541120,0,1217,8192,2594073385365414080,0,1441151880758558912,0,9223372036854776000,8197,4611690416473907397,8199,13835058055282172103,8196,9223376434901295300,8196,13835071249421705412,8195,8387,8192,824633729088,8224,274877915232,8208,8272,8192,103079223360,8448,34359746880,8320,8384,8192,15032393792,10240,10312,9216,9280,8192,14415969630654824447,24575,24575,8192,0 , 0, 0 , 0, 0 , 0, 0 , 0, 0 , 0, 0 , 0, 0 , 0, 0 , 0, 0 , 0, 0 , 0, 0 , 0, 0 , 0, 0 , 0, 0 , 0, 0 , 0, 0 , 0, 0 , 0, 0 , 0, 0 , 0, 0 , 0, 0 , 0, 1,1,1,1,1,1,1,1,1,1,1,1,1,1,1,1,1,1,1,1,1,1,1,1,1,1,1,1,1,1,1,1,1,1,1,1,1,1,1,1,1,1,1,1,1,1,1,1,1,1,1,1,1,1,1,1,1,1,1,1,1,1,1,1,1,1,1,1,1,1,1,1,1,1,1,1,1,1,1, 1, 1, 1, 1, 1, 1, 1, 1, 1, 1, 1, 1, 1, 1, 1, 1, 1, 1, 1, 1, 1, 1
1,1073742272,0,1019216076,0,1019216074,0,943718598,0,136365226208,0,136365226192,0,137388621759,0,137438953343,0,193,0,9663676608,0,95563022528,0,84825604336,0,119185350896,0,119185346800,0,98496,0,16576,0,16576,0,67371200,0,67240128,0,202375360,0,201851072,0,201326784,0,939524302,0,402653382,0,33554560,0,16777344,0,943587526,0,888668366,0,750780622,0,473956558,0,135291485937,0,134217742576,0,132070258928,0,127775293168,0,119185343728,0,102005485808,0,67645750512,0,0 , 0, 0 , 0, 0 , 0, 0 , 0, 0 , 0, 0 , 0, 0 , 0, 0 , 0, 0 , 0, 0 , 0, 0 , 0, 0 , 0, 0 , 0, 0 , 0, 0 , 0, 0 , 0, 0 , 0, 0 , 0, 0 , 0, 0 , 0, 0 , 0, 0 , 0, 0 , 0, 0 , 0, 0 , 0, 0 , 0, 0 , 0, 0 , 0, 0 , 0, 0 , 0, 0 , 0, 0 , 0, 0 , 0, 0 , 0, 0 , 0, 0 , 0, 0 , 0, 0 , 0, 0 , 0, 0 , 0, 0 , 0, 0 , 0, 0 , 0, 0 , 0, 0 , 0, 0 , 0, 0 , 0, 0 , 0, 0 , 0, 0 , 0, 0 , 0, 0 , 0, 0 , 0, 0 , 0, 0 , 0, 0 , 0, 0 , 0, 0 , 0, 0 , 0, 0 , 0, 0 , 0, 0 , 0, 0 , 0, 1,1,1,1,1,1,1,1,1,1,1,1,1,1,1,1,1,1,1,1,1,1,1,1,1,1,1,1,1,1,1,1,1,1,1,1,1, 1, 1, 1, 1, 1, 1, 1, 1, 1, 1, 1, 1, 1, 1, 1, 1, 1, 1, 1, 1, 1, 1, 1, 1, 1, 1, 1, 1, 1, 1, 1, 1, 1, 1, 1, 1, 1, 1, 1, 1, 1, 1, 1, 1, 1, 1, 1, 1, 1, 1, 1, 1, 1, 1, 1, 1, 1, 1, 1, 1, 1, 1, 1, 1
1,17114984450,0,8592060417,0,18014432871346176,0,252201716573827072,0,108086391059017728,0,2035625932061949888,0,17592188154144,0,288511851130532128,0,2071654729080946400,0,1730508156819222816,0,589971551187644704,0,576460752305533216,0,2305843009154969599,0,2305843009213685759,0,270217077095116831,0,8352001,0,6383661057,0,126976,0,126976,0,126976,0,126976,0,2305843009209630719,0,2224128,0,18882560,0,10493952,0,2105344,0,2191361,0,270626817,0,136409089,0,2191361,0,4297158657,0,4297093121,0,3223416833,0,2125827,0,2125824,0,18014398511607812,0,2125824,0,108086391059017736,0,108086391059017728,0,108086391059017728,0,2109728,0,2109728,0,2109728,0,87960932331808,0,114349211398496,0,87960932331808,0,61572653265184,0,2109728,0,288230376153821600,0,2109728,0,576460752305533728,0,576460752305533216,0,576460752305534240,0,576460752305534240,0,34361864196,0,216173744188584216,0,180144947169619992,0,108086391059017736,0,281474978820512,0,1169810003211599648,0,576460752305533728,0,0 , 0, 0 , 0, 0 , 0, 0 , 0, 0 , 0, 0 , 0, 0 , 0, 0 , 0, 0 , 0, 0 , 0, 0 , 0, 0 , 0, 0 , 0, 0 , 0, 0 , 0, 0 , 0, 0 , 0, 0 , 0, 0 , 0, 0 , 0, 0 , 0, 0 , 0, 0 , 0, 0 , 0, 0 , 0, 0 , 0, 0 , 0, 0 , 0, 0 , 0, 0 , 0, 0 , 0, 0 , 0, 0 , 0, 0 , 0, 0 , 0, 0 , 0, 0 , 0, 0 , 0, 0 , 0, 1,1,1,1,1,1,1,1,1,1,1,1,1,1,1,1,1,1,1,1,1,1,1,1,1,1,1,1,1,1,1,1,1,1,1,1,1,1,1,1,1,1,1,1,1,1,1,1,1,1,1,1,1,1,1,1,1,1,1,1,1, 1, 1, 1, 1, 1, 1, 1, 1, 1, 1, 1, 1, 1, 1, 1, 1, 1, 1, 1, 1, 1, 1, 1, 1, 1, 1, 1, 1, 1, 1, 1, 1, 1, 1, 1, 1, 1, 1, 1, 1
1,31675416584,0,14495514632,0,48859447304,0,68316823543,0,8,0,1073741832,0,11811160072,0,10200547336,0,14495547400,0,14495547400,0,14495547400,0,14495547400,0,31675416584,0,31675416584,0,31675416584,0,31676399369,0,14495678472,0,14496399368,0,14495678472,0,14495678472,0,14497611784,0,14496563208,0,48855253004,0,14495514632,0,33554440,0,486539272,0,436207624,0,100663296,0,100663296,0,67662512015,0,67125641199,0,14495514696,0,63904415503,0,59609448399,0,14495576073,0,14499708940,0,0 , 0, 0 , 0, 0 , 0, 0 , 0, 0 , 0, 0 , 0, 0 , 0, 0 , 0, 0 , 0, 0 , 0, 0 , 0, 0 , 0, 0 , 0, 0 , 0, 0 , 0, 0 , 0, 0 , 0, 0 , 0, 0 , 0, 0 , 0, 0 , 0, 0 , 0, 0 , 0, 0 , 0, 0 , 0, 0 , 0, 0 , 0, 0 , 0, 0 , 0, 0 , 0, 0 , 0, 0 , 0, 0 , 0, 0 , 0, 0 , 0, 0 , 0, 0 , 0, 0 , 0, 0 , 0, 0 , 0, 0 , 0, 0 , 0, 0 , 0, 0 , 0, 0 , 0, 0 , 0, 0 , 0, 0 , 0, 0 , 0, 0 , 0, 0 , 0, 0 , 0, 0 , 0, 0 , 0, 0 , 0, 0 , 0, 0 , 0, 0 , 0, 0 , 0, 0 , 0, 0 , 0, 0 , 0, 0 , 0, 0 , 0, 1,1,1,1,1,1,1,1,1,1,1,1,1,1,1,1,1,1,1,1,1,1,1,1,1,1,1,1,1,1,1,1,1,1,1,1, 1, 1, 1, 1, 1, 1, 1, 1, 1, 1, 1, 1, 1, 1, 1, 1, 1, 1, 1, 1, 1, 1, 1, 1, 1, 1, 1, 1, 1, 1, 1, 1, 1, 1, 1, 1, 1, 1, 1, 1, 1, 1, 1, 1, 1, 1, 1, 1, 1, 1, 1, 1, 1, 1, 1, 1, 1, 1, 1, 1, 1, 1, 1, 1, 1
1,35888093890297918,0,288230376151450621,0,9147936743096323,0,9851624184872963,0,9851624184872963,0,16888505045090307,0,45035996273704962,0,45035996273704962,0,45035996273705474,0,36028797018964226,0,0,0,0,0,8192,0,4096,0,98305,0,16384,0,16385,0,1,0,3,0,18155135997837315,0,9007199254740995,0,9007199254740995,0,9007199254740995,0,9007199254740995,0,9007199254740995,0,9007199254740995,0,9007199254740995,0,9851624184872963,0,9851624184872963,0,9851624184872963,0,9851624184872963,0,12384898975268899,0,12384898975268899,0,9007199254740995,0,9007199254740995,0,9007199254740994,0,45035996273704962,0,36028797018963970,0,36028797018963970,0,180143985094819842,0,180143985094819842,0,108086391056891906,0,36037593111986178,0,36033195065475074,0,36028797018963970,0,36028797018963970,0,36028797018963970,0,27021597764747271,0,9570151221428251,0,9288676244717595,0,15762605138247715,0,14636705231405091,0,12384898975268899,0,62909794732737023,0,9147936743620611,0,225320650137404354,0,180146184118075394,0,108088040324333570,0,0 , 0, 0 , 0, 0 , 0, 0 , 0, 0 , 0, 0 , 0, 0 , 0, 0 , 0, 0 , 0, 0 , 0, 0 , 0, 0 , 0, 0 , 0, 0 , 0, 0 , 0, 0 , 0, 0 , 0, 0 , 0, 0 , 0, 0 , 0, 0 , 0, 0 , 0, 0 , 0, 0 , 0, 0 , 0, 0 , 0, 0 , 0, 0 , 0, 0 , 0, 0 , 0, 0 , 0, 0 , 0, 0 , 0, 0 , 0, 0 , 0, 0 , 0, 0 , 0, 0 , 0, 0 , 0, 0 , 0, 0 , 0, 0 , 0, 1,1,1,1,1,1,1,1,1,1,1,1,1,1,1,1,1,1,1,1,1,1,1,1,1,1,1,1,1,1,1,1,1,1,1,1,1,1,1,1,1,1,1,1,1,1,1,1,1,1,1,1,1,1,1,1,1,1, 1, 1, 1, 1, 1, 1, 1, 1, 1, 1, 1, 1, 1, 1, 1, 1, 1, 1, 1, 1, 1, 1, 1, 1, 1, 1, 1, 1, 1, 1, 1, 1, 1, 1, 1, 1, 1, 1, 1, 1, 1, 1, 1
1,1073741822,0,25409,0,1081857,0,952107569,0,939524617,0,521,0,67116931,0,67112769,0,67337923,0,1073741311,0,3009,0,1985,0,833,0,17155,0,8963,0,1835525,0,769,0,769,0,1081857,0,1081857,0,2916869,0,1049089,0,142606857,0,138412553,0,33554945,0,16777729,0,961,0,817889817,0,671089177,0,402653721,0,0 , 0, 0 , 0, 0 , 0, 0 , 0, 0 , 0, 0 , 0, 0 , 0, 0 , 0, 0 , 0, 0 , 0, 0 , 0, 0 , 0, 0 , 0, 0 , 0, 0 , 0, 0 , 0, 0 , 0, 0 , 0, 0 , 0, 0 , 0, 0 , 0, 0 , 0, 0 , 0, 0 , 0, 0 , 0, 0 , 0, 0 , 0, 0 , 0, 0 , 0, 0 , 0, 0 , 0, 0 , 0, 0 , 0, 0 , 0, 0 , 0, 0 , 0, 0 , 0, 0 , 0, 0 , 0, 0 , 0, 0 , 0, 0 , 0, 0 , 0, 0 , 0, 0 , 0, 0 , 0, 0 , 0, 0 , 0, 0 , 0, 0 , 0, 0 , 0, 0 , 0, 0 , 0, 0 , 0, 0 , 0, 0 , 0, 0 , 0, 0 , 0, 0 , 0, 0 , 0, 0 , 0, 0 , 0, 0 , 0, 0 , 0, 0 , 0, 0 , 0, 0 , 0, 0 , 0, 0 , 0, 0 , 0, 1,1,1,1,1,1,1,1,1,1,1,1,1,1,1,1,1,1,1,1,1,1,1,1,1,1,1,1,1,1, 1, 1, 1, 1, 1, 1, 1, 1, 1, 1, 1, 1, 1, 1, 1, 1, 1, 1, 1, 1, 1, 1, 1, 1, 1, 1, 1, 1, 1, 1, 1, 1, 1, 1, 1, 1, 1, 1, 1, 1, 1, 1, 1, 1, 1, 1, 1, 1, 1, 1, 1, 1, 1, 1, 1, 1, 1, 1, 1, 1, 1, 1, 1, 1, 1, 1, 1, 1, 1, 1, 1
1,16142,0,7949,0,1803,0,1799,0,16932372832,0,9412034832,0,13710655760,0,9416212736,0,68719476479,0,15631,0,783,0,771,0,771,0,769,0,9412018464,0,9412018448,0,4043309328,0,822083856,0,10485760272,0,13710131536,0,13709607248,0,13708558672,0,9412018560,0,9412018432,0,68702683632,0,9412018432,0,9412018432,0,9412018432,0,68451025392,0,68182589936,0,11559829776,0,1895891216,0,9415688528,0,57981846000,0,43771756800,0,26591887616,0,0 , 0, 0 , 0, 0 , 0, 0 , 0, 0 , 0, 0 , 0, 0 , 0, 0 , 0, 0 , 0, 0 , 0, 0 , 0, 0 , 0, 0 , 0, 0 , 0, 0 , 0, 0 , 0, 0 , 0, 0 , 0, 0 , 0, 0 , 0, 0 , 0, 0 , 0, 0 , 0, 0 , 0, 0 , 0, 0 , 0, 0 , 0, 0 , 0, 0 , 0, 0 , 0, 0 , 0, 0 , 0, 0 , 0, 0 , 0, 0 , 0, 0 , 0, 0 , 0, 0 , 0, 0 , 0, 0 , 0, 0 , 0, 0 , 0, 0 , 0, 0 , 0, 0 , 0, 0 , 0, 0 , 0, 0 , 0, 0 , 0, 0 , 0, 0 , 0, 0 , 0, 0 , 0, 0 , 0, 0 , 0, 0 , 0, 0 , 0, 0 , 0, 0 , 0, 0 , 0, 0 , 0, 0 , 0, 0 , 0, 0 , 0, 1,1,1,1,1,1,1,1,1,1,1,1,1,1,1,1,1,1,1,1,1,1,1,1,1,1,1,1,1,1,1,1,1,1,1,1, 1, 1, 1, 1, 1, 1, 1, 1, 1, 1, 1, 1, 1, 1, 1, 1, 1, 1, 1, 1, 1, 1, 1, 1, 1, 1, 1, 1, 1, 1, 1, 1, 1, 1, 1, 1, 1, 1, 1, 1, 1, 1, 1, 1, 1, 1, 1, 1, 1, 1, 1, 1, 1, 1, 1, 1, 1, 1, 1, 1, 1, 1, 1, 1, 1
1,4398046270462,0,4294987777,0,1032939131129,0,1035086074101,0,1031058493549,0,549756866589,0,824868605981,0,550024253453,0,1649267445761,0,3848290701313,0,4295100416,0,4295148544,0,4398046266367,0,4294983680,0,64425474055,0,4295116800,0,0,0,4295019520,0,20481,0,20485,0,549755818029,0,549755818013,0,206158434333,0,4125,0,618475294749,0,824835051613,0,824801497181,0,824734388317,0,549755818125,0,549755817997,0,551903301645,0,550829559817,0,51539803139,0,17179889665,0,47244660737,0,21474856961,0,687215743005,0,68723675165,0,549990699101,0,3646413607933,0,2748779074305,0,1649267446273,0,0 , 0, 0 , 0, 0 , 0, 0 , 0, 0 , 0, 0 , 0, 0 , 0, 0 , 0, 0 , 0, 0 , 0, 0 , 0, 0 , 0, 0 , 0, 0 , 0, 0 , 0, 0 , 0, 0 , 0, 0 , 0, 0 , 0, 0 , 0, 0 , 0, 0 , 0, 0 , 0, 0 , 0, 0 , 0, 0 , 0, 0 , 0, 0 , 0, 0 , 0, 0 , 0, 0 , 0, 0 , 0, 0 , 0, 0 , 0, 0 , 0, 0 , 0, 0 , 0, 0 , 0, 0 , 0, 0 , 0, 0 , 0, 0 , 0, 0 , 0, 0 , 0, 0 , 0, 0 , 0, 0 , 0, 0 , 0, 0 , 0, 0 , 0, 0 , 0, 0 , 0, 0 , 0, 0 , 0, 0 , 0, 0 , 0, 0 , 0, 0 , 0, 1,1,1,1,1,1,1,1,1,1,1,1,1,1,1,1,1,1,1,1,1,1,1,1,1,1,1,1,1,1,1,1,1,1,1,1,1,1,1,1,1,1, 1, 1, 1, 1, 1, 1, 1, 1, 1, 1, 1, 1, 1, 1, 1, 1, 1, 1, 1, 1, 1, 1, 1, 1, 1, 1, 1, 1, 1, 1, 1, 1, 1, 1, 1, 1, 1, 1, 1, 1, 1, 1, 1, 1, 1, 1, 1, 1, 1, 1, 1, 1, 1, 1, 1, 1, 1, 1, 1
1,8388594,0,549751641217,0,0,0,0,0,65537,0,196673,0,65569,0,137573170947,0,196737,0,327809,0,139586041987,0,590977,0,146027963523,0,1119361,0,171796698243,0,2184321,0,8323057,0,328097,0,721537,0,1379457,0,2700417,0,5362817,0,2184323,0,137438975106,0,549722281090,0,137455752322,0,549638395010,0,137522861058,0,549302850562,0,137791296514,0,547960673282,0,138865037314,0,542591963138,0,143160000514,0,521117122562,0,160339853314,0,435217760258,0,137430586498,0,91620376578,0,0 , 0, 0 , 0, 0 , 0, 0 , 0, 0 , 0, 0 , 0, 0 , 0, 0 , 0, 0 , 0, 0 , 0, 0 , 0, 0 , 0, 0 , 0, 0 , 0, 0 , 0, 0 , 0, 0 , 0, 0 , 0, 0 , 0, 0 , 0, 0 , 0, 0 , 0, 0 , 0, 0 , 0, 0 , 0, 0 , 0, 0 , 0, 0 , 0, 0 , 0, 0 , 0, 0 , 0, 0 , 0, 0 , 0, 0 , 0, 0 , 0, 0 , 0, 0 , 0, 0 , 0, 0 , 0, 0 , 0, 0 , 0, 0 , 0, 0 , 0, 0 , 0, 0 , 0, 0 , 0, 0 , 0, 0 , 0, 0 , 0, 0 , 0, 0 , 0, 0 , 0, 0 , 0, 0 , 0, 0 , 0, 0 , 0, 0 , 0, 0 , 0, 0 , 0, 0 , 0, 0 , 0, 1,1,1,1,1,1,1,1,1,1,1,1,1,1,1,1,1,1,1,1,1,1,1,1,1,1,1,1,1,1,1,1,1,1,1,1,1,1,1, 1, 1, 1, 1, 1, 1, 1, 1, 1, 1, 1, 1, 1, 1, 1, 1, 1, 1, 1, 1, 1, 1, 1, 1, 1, 1, 1, 1, 1, 1, 1, 1, 1, 1, 1, 1, 1, 1, 1, 1, 1, 1, 1, 1, 1, 1, 1, 1, 1, 1, 1, 1, 1, 1, 1, 1, 1, 1, 1, 1, 1, 1
1,4127463120894,0,4127463514109,0,4127463514107,0,4124241888247,0,2199560192015,0,4123838709967,0,2199560716335,0,3299189260335,0,2199694409743,0,2199560192015,0,2199560192007,0,2199560192007,0,536936455,0,15406047805440,0,15393162895360,0,15393162878976,0,17592185978879,0,2199023583238,0,2199023452166,0,2199560192079,0,2199560192047,0,825170657327,0,536936495,0,2474438098991,0,3299172483247,0,3299155706031,0,3299122151599,0,2199560192271,0,2199560192015,0,4126926249983,0,2201707675655,0,2200633933831,0,2199023329280,0,15393162862592,0,6597069832192,0,13262859075584,0,4432406315008,0,65536,0,2749326491695,0,275416940591,0,2199677632687,0,14602882510847,0,11123965419520,0,6640019562496,0,0 , 0, 0 , 0, 0 , 0, 0 , 0, 0 , 0, 0 , 0, 0 , 0, 0 , 0, 0 , 0, 0 , 0, 0 , 0, 0 , 0, 0 , 0, 0 , 0, 0 , 0, 0 , 0, 0 , 0, 0 , 0, 0 , 0, 0 , 0, 0 , 0, 0 , 0, 0 , 0, 0 , 0, 0 , 0, 0 , 0, 0 , 0, 0 , 0, 0 , 0, 0 , 0, 0 , 0, 0 , 0, 0 , 0, 0 , 0, 0 , 0, 0 , 0, 0 , 0, 0 , 0, 0 , 0, 0 , 0, 0 , 0, 0 , 0, 0 , 0, 0 , 0, 0 , 0, 0 , 0, 0 , 0, 0 , 0, 0 , 0, 0 , 0, 0 , 0, 0 , 0, 0 , 0, 0 , 0, 0 , 0, 0 , 0, 1,1,1,1,1,1,1,1,1,1,1,1,1,1,1,1,1,1,1,1,1,1,1,1,1,1,1,1,1,1,1,1,1,1,1,1,1,1,1,1,1,1,1,1, 1, 1, 1, 1, 1, 1, 1, 1, 1, 1, 1, 1, 1, 1, 1, 1, 1, 1, 1, 1, 1, 1, 1, 1, 1, 1, 1, 1, 1, 1, 1, 1, 1, 1, 1, 1, 1, 1, 1, 1, 1, 1, 1, 1, 1, 1, 1, 1, 1, 1, 1, 1, 1, 1, 1, 1, 1
1,2147483662,61472,2147545133,28704,2147512363,4128,2147487783,4128,18446744058945601504,16711743,18446744058945599999,16711727,16717361404482420671,28770815,2286969186877951,14745608,18446744071830503160,16711743,2251801977880959,65544,2251801961234776,65576,18160765499519086968,2031625,146366990039058809,196616,13837309857243531640,1245193,2251801962414457,196618,2251801961365882,196616,2251801961365848,65544,2251801961234808,65544,110338193018126712,65576,2260546517795320,14745608,2251853516046840,65544,2259515723022840,8454152,2260615242514936,65544,2251819141104120,65544,2251819141103992,65544,2251819141103992,65544,2287003647410552,65544,2287003580301688,65544,3758161992,16777408,3506438336,16777216,2969567296,16777216,18446744071562067967,33505279,10770923519,65536,6442516800,65536,4503567683092976,14745640,2251819156832760,65544,2251819141628408,65544,2251819141628344,6357000,2251819147919800,65544,2251819141628408,2162696,2258416213492216,8454152,2257316710253048,8454152,2255117686997496,8454152,2251819153687032,65544,2251819141104120,65544,17944049294049656,65576,2287003513192824,65544,3131428443324792,65576,2427741001548152,65544,2427741001548152,65576,2287003513192824,65544,18444492259131916280,16711743,11294185604710783,65544,6790585960694136,65544,2251801961234808,65544,2251801961496952,65576,2251801961496952,65576,2251801961238904,196616,2251801961367928,196616,2251801961367864,983048,2251801962154296,196616,2251801961367928,458760,9225623838816414072,1245193,4613937820389812601,1245193,13837309857244588409,1245192,2251801962430840,196616,2251801961365880,196616,18446744058945601528,16711735,2251801977880951,65544,111077082012124543,16907784,2432826952,0,2415919168,16777216,2164260928,16777216,2164260864,16778272,2164261920,16777760,2164261408,32,2147483695,32,2147483683,32,35,32,33,32,18446744071830503408,16646207,18304880687611574655,1900559,2884555563480189311,720904,578712554265315640,458760,13837309857243801976,196617,2252506336526841,4259848,2251956584776120,2162696,2259515725119992,65544,4026597448,1952,0 , 0, 0 , 0, 0 , 0, 0 , 0, 0 , 0, 0 , 0, 0 , 0, 0 , 0, 0 , 0, 0 , 0, 0 , 0, 1,1,1,1,1,1,1,1,1,1,1,1,1,1,1,1,1,1,1,1,1,1,1,1,1,1,1,1,1,1,1,1,1,1,1,1,1,1,1,1,1,1,1,1,1,1,1,1,1,1,1,1,1,1,1,1,1,1,1,1,1,1,1,1,1,1,1,1,1,1,1,1,1,1,1,1,1,1,1,1,1,1,1,1,1,1,1,1,1, 1, 1, 1, 1, 1, 1, 1, 1, 1, 1, 1, 1
1,18445618173802708990,127,1297036696978718847,16,1423137487077769241,16,1297036696980815893,16,1369094291486408725,16,1297036697515589649,16,1585267073130430481,16,2161727825433853969,16,17439063652792532497,127,17439063652792532351,127,17439063652792531839,127,17294077617146705791,115,3459010868850724723,114,3459018531072380787,115,3459019630584006515,114,3459010834490984307,114,1153167825277290355,114,3459010834490984307,114,1153449300254525299,94,1153449300254263135,94,18446744073708503039,127,1297036696978718847,16,1297036696978718741,16,1206964704431308821,16,1152921508902862869,16,1315051095488200725,16,1369094291419299861,16,1369094291352190997,16,1369094291217973269,16,1297036696978718769,16,1297036696978718737,16,1297036696978718737,16,18445618169507741695,127,17439063644202598271,127,17439063635612663679,127,3459010834490988415,114,3459010834490986355,114,17294068889773150067,112,3459010834490986353,112,8070696852918374257,114,3459017431560761203,115,3459016332049133427,115,3459014133025877875,115,3459010834491000691,114,3459010834490984307,114,17439028468420444019,127,17438993284048355199,127,17438922915304177535,127,1153167825278076799,90,1153167825277290331,90,1048666,0,1157425108530233345,16,1308295696047144977,16,1301540296606089233,16,1333065494039625749,16,1170935907420733461,16,1297036697448480789,16,4427284758643345407,114,1873497449282142451,16,1585267073130430609,16,17292696669195862015,127,15132376218647854975,115,12682383558540529523,114,8070696990357327731,112,3459018531072388977,114,8215691203620896627,125,1153167825278076797,122,1154012250208208763,86,18445618173802708991,111,17438219227861614447,87,17439063652792532823,63,0 , 0, 0 , 0, 0 , 0, 0 , 0, 0 , 0, 0 , 0, 0 , 0, 0 , 0, 0 , 0, 0 , 0, 0 , 0, 0 , 0, 0 , 0, 0 , 0, 0 , 0, 0 , 0, 0 , 0, 0 , 0, 0 , 0, 0 , 0, 0 , 0, 0 , 0, 0 , 0, 0 , 0, 0 , 0, 0 , 0, 0 , 0, 0 , 0, 0 , 0, 1,1,1,1,1,1,1,1,1,1,1,1,1,1,1,1,1,1,1,1,1,1,1,1,1,1,1,1,1,1,1,1,1,1,1,1,1,1,1,1,1,1,1,1,1,1,1,1,1,1,1,1,1,1,1,1,1,1,1,1,1,1,1,1,1,1,1,1,1,1,1, 1, 1, 1, 1, 1, 1, 1, 1, 1, 1, 1, 1, 1, 1, 1, 1, 1, 1, 1, 1, 1, 1, 1, 1, 1, 1, 1, 1, 1, 1
1,33776997217861694,0,15762598699991053,0,2251799817879563,0,2251799817879559,0,18410996751667298273,0,18410996751667298257,0,18410724072758180016,0,9367491622981337200,0,11529342589421487664,0,11529219444119175472,0,11529254628491264304,0,11529219448350179440,0,13690948356178731120,0,11673334636490002544,0,12826257098874556528,0,11673335731706658928,0,16285029446716358768,0,11673334632195096688,0,11529219444119240752,0,11529219444119240816,0,9223376434905483376,0,9223376435979225200,0,18418596576034291711,1,4194353,0,9331458427915862064,0,9223376434905481328,0,9223376435308136560,0,9223376434972592240,0,9223376434972592240,0,9223376434905483376,0,9223376434907580528,0,9223376434905483376,0,11673334632195039344,0,11673334632195035248,0,10232182751436476528,0,9367491622981341296,0,11961565008346746992,0,12826256961435619440,0,12826256823996665968,0,12826256549118759024,0,11673334632195063920,0,11673334632195031152,0,18410992353595621360,0,11529219444119240752,0,11529219444119175472,0,11529219444119176496,0,11529219444119175472,0,11637305835176067120,0,9223934986812391424,1,9223653511835680769,1,1,1,4194319,0,4194307,0,3,0,1,0,11601417775662235760,0,11565388978643271792,0,13546836470932959472,0,12249795470397804656,0,9655722016312922224,0,11673335594267725936,0,15528692934320848752,0,11529219444119240816,0,9188469139734265840,1,9225342361695944705,0,0 , 0, 0 , 0, 0 , 0, 0 , 0, 0 , 0, 0 , 0, 0 , 0, 0 , 0, 0 , 0, 0 , 0, 0 , 0, 0 , 0, 0 , 0, 0 , 0, 0 , 0, 0 , 0, 0 , 0, 0 , 0, 0 , 0, 0 , 0, 0 , 0, 0 , 0, 0 , 0, 0 , 0, 0 , 0, 0 , 0, 0 , 0, 0 , 0, 0 , 0, 0 , 0, 0 , 0, 0 , 0, 0 , 0, 0 , 0, 0 , 0, 1,1,1,1,1,1,1,1,1,1,1,1,1,1,1,1,1,1,1,1,1,1,1,1,1,1,1,1,1,1,1,1,1,1,1,1,1,1,1,1,1,1,1,1,1,1,1,1,1,1,1,1,1,1,1,1,1,1,1,1,1,1,1,1,1, 1, 1, 1, 1, 1, 1, 1, 1, 1, 1, 1, 1, 1, 1, 1, 1, 1, 1, 1, 1, 1, 1, 1, 1, 1, 1, 1, 1, 1, 1, 1, 1, 1, 1, 1, 1
1,70087131769864440,0,54043195530543104,0,55169095435288576,0,69840703722094641,0,54043332971069449,0,63081181112434697,0,54078379904204801,0,54043195532115969,0,54043195531067392,0,54043195531591680,0,54043195528445952,0,19140298416324608,0,1134907114621788160,0,126100789601505280,0,702561549387567104,0,126100798157881344,0,126100789567946752,0,54043195528970240,0,54043195529494528,0,1150951111049605625,0,1150951111049212665,0,71494506676487163,0,54043195557281793,0,54043195536310272,0,54043195536310272,0,126100789567954944,0,126100789567950848,0,540431955286036480,0,108086391058468864,0,270215977643806720,0,702561548313841664,0,702561547240099840,0,702561545092616192,0,126100789567979520,0,126100789567946752,0,126100789567946752,0,18014398509481984,0,54043195532115985,0,54043195532115977,0,42784196463689737,0,36028797022633993,0,56294995345801225,0,63076783065923625,0,63072385019412521,0,63063588926390313,0,54043195532116033,0,54043195532115969,0,54043195532115969,0,54043195530543104,0,54043195528445952,0,54043195530545156,0,58549543938555913,0,38281146592133129,0,54073981857693737,0,842171480648187903,0,1116892638868404223,0,1062849580747059200,0,414331166390751232,0,252201579268542464,0,126100797084160000,0,0 , 0, 0 , 0, 0 , 0, 0 , 0, 0 , 0, 0 , 0, 0 , 0, 0 , 0, 0 , 0, 0 , 0, 0 , 0, 0 , 0, 0 , 0, 0 , 0, 0 , 0, 0 , 0, 0 , 0, 0 , 0, 0 , 0, 0 , 0, 0 , 0, 0 , 0, 0 , 0, 0 , 0, 0 , 0, 0 , 0, 0 , 0, 0 , 0, 0 , 0, 0 , 0, 0 , 0, 0 , 0, 0 , 0, 0 , 0, 0 , 0, 0 , 0, 0 , 0, 0 , 0, 0 , 0, 0 , 0, 1,1,1,1,1,1,1,1,1,1,1,1,1,1,1,1,1,1,1,1,1,1,1,1,1,1,1,1,1,1,1,1,1,1,1,1,1,1,1,1,1,1,1,1,1,1,1,1,1,1,1,1,1,1,1,1,1,1,1,1, 1, 1, 1, 1, 1, 1, 1, 1, 1, 1, 1, 1, 1, 1, 1, 1, 1, 1, 1, 1, 1, 1, 1, 1, 1, 1, 1, 1, 1, 1, 1, 1, 1, 1, 1, 1, 1, 1, 1, 1, 1
1,268435470,15,268435471,7,268435471,1,268435463,1,288221576061517793,32752,144097604211343344,25584,144106391731142640,32752,36011205101387760,1008,22482814033201136,960,18031990963962864,512,21955048451867632,768,22517998405288944,512,18014398777918192,512,18014398777918064,512,18014398777918064,512,18014398777917968,24576,18023186285092944,32256,18016580622188112,32256,18014407368080976,25088,18016322923487824,29184,18016597801267792,25088,18014398778008144,25088,18014398777942592,25088,18014398777942608,25088,18014398777942544,24576,864691128924921856,98816,436306432,98816,369197568,98816,18446744073441116159,131059,1342308339,512,805306976,512,268436064,560,18014398777918064,512,18014398778245712,25088,18014398778139216,25088,18014398778139216,27648,18014398778141776,24576,18014398778138704,26112,18016048046106192,29184,18015773168202320,29184,18015223412388432,29184,18014398779060816,25088,18014398778008144,25088,18014398777942528,25088,18014398777942768,512,18014398777918448,512,18014398777918448,192,18014398777917936,0,18014398777917936,576,21392098498447344,768,20829148545026032,768,19703248638183408,768,18014398777920496,512,18014398777918192,512,270215973649252336,32752,90071992815878128,25088,54043195796906608,25088,18014398777942544,25136,302015024,512,301990400,98816,268534272,33280,4611686018695856640,98304,2305843009482227712,32768,268468224,0,268435471,0,268435459,0,3,0,1,0,162129589001257200,25120,162129589001282288,25104,18366242498831344,640,18084767522096112,64,21955048451868144,512,2305631799885135856,128368,18014570576868720,27136,18014433137879632,25600,18016322924012624,25088,270233561540321904,24112,270233561540320880,15920,8646911285054684720,66048,2882303762020499968,33280,0 , 0, 0 , 0, 0 , 0, 0 , 0, 0 , 0, 0 , 0, 0 , 0, 0 , 0, 0 , 0, 0 , 0, 0 , 0, 0 , 0, 0 , 0, 0 , 0, 0 , 0, 0 , 0, 0 , 0, 0 , 0, 0 , 0, 1,1,1,1,1,1,1,1,1,1,1,1,1,1,1,1,1,1,1,1,1,1,1,1,1,1,1,1,1,1,1,1,1,1,1,1,1,1,1,1,1,1,1,1,1,1,1,1,1,1,1,1,1,1,1,1,1,1,1,1,1,1,1,1,1,1,1,1,1,1,1,1,1,1,1,1,1,1,1,1,1, 1, 1, 1, 1, 1, 1, 1, 1, 1, 1, 1, 1, 1, 1, 1, 1, 1, 1, 1, 1
1,570646535077894,0,564049465311237,0,564049465311235,0,1108445159227376,0,1108376439742440,0,826901430312920,0,562984313454648,0,826875626914616,0,703721835331768,0,774098062147768,0,703730391711800,0,985265497993272,0,703721801779256,0,703721801779208,0,703721801779224,0,703721834479736,0,562984313454616,0,562984321843224,0,2238605673889791,0,562949953683456,0,562984315551768,0,562984314503192,0,562984313454616,0,562984313585688,0,562984313454616,0,703721801777464,0,703721801777336,0,615760871555256,0,562984313422008,0,721313987821752,0,774096988406456,0,774095914664632,0,774093767180984,0,703721801778232,0,703721801777208,0,1108410799489016,0,703721801779208,0,1689124738433024,0,1126037346058240,0,262144,0,562949953683463,0,562949953683457,0,562949953421313,0,562949953421312,0,738906844954808,0,580576633684152,0,703729317970616,0,932522863427512,0,703721801779224,0,1688025226543103,0,563362270543872,0,0 , 0, 0 , 0, 0 , 0, 0 , 0, 0 , 0, 0 , 0, 0 , 0, 0 , 0, 0 , 0, 0 , 0, 0 , 0, 0 , 0, 0 , 0, 0 , 0, 0 , 0, 0 , 0, 0 , 0, 0 , 0, 0 , 0, 0 , 0, 0 , 0, 0 , 0, 0 , 0, 0 , 0, 0 , 0, 0 , 0, 0 , 0, 0 , 0, 0 , 0, 0 , 0, 0 , 0, 0 , 0, 0 , 0, 0 , 0, 0 , 0, 0 , 0, 0 , 0, 0 , 0, 0 , 0, 0 , 0, 0 , 0, 0 , 0, 0 , 0, 0 , 0, 0 , 0, 0 , 0, 0 , 0, 0 , 0, 0 , 0, 1,1,1,1,1,1,1,1,1,1,1,1,1,1,1,1,1,1,1,1,1,1,1,1,1,1,1,1,1,1,1,1,1,1,1,1,1,1,1,1,1,1,1,1,1,1,1,1,1,1,1, 1, 1, 1, 1, 1, 1, 1, 1, 1, 1, 1, 1, 1, 1, 1, 1, 1, 1, 1, 1, 1, 1, 1, 1, 1, 1, 1, 1, 1, 1, 1, 1, 1, 1, 1, 1, 1, 1, 1, 1, 1, 1, 1, 1, 1, 1, 1, 1, 1, 1
1,17867454056702,0,17867374299389,0,17867391043835,0,17867600820471,0,17867600820463,0,53055521292255,0,17867068147903,0,17867600820351,0,35185982705184,0,35184372092192,0,35184372091680,0,70368744175615,0,17282948425912,0,22712,0,14520,0,2235,0,17592190240958,0,17867068147902,0,17867069720766,0,17867068410046,0,17867068410046,0,17592190240958,0,17867596564735,0,17867068147864,0,17592190240957,0,17592190240959,0,17867068147865,0,17867068147864,0,17867068147903,0,2336,0,35184372091168,0,35184372090912,0,35467839932416,0,35463544965120,0,274877908992,0,1649267447808,0,3985729656832,0,3917010180096,0,52807107217663,0,16733192591360,0,16183436777472,0,1855425878016,0,10445360470016,0,6047313958912,0,275414714623,0,290984038176,0,0 , 0, 0 , 0, 0 , 0, 0 , 0, 0 , 0, 0 , 0, 0 , 0, 0 , 0, 0 , 0, 0 , 0, 0 , 0, 0 , 0, 0 , 0, 0 , 0, 0 , 0, 0 , 0, 0 , 0, 0 , 0, 0 , 0, 0 , 0, 0 , 0, 0 , 0, 0 , 0, 0 , 0, 0 , 0, 0 , 0, 0 , 0, 0 , 0, 0 , 0, 0 , 0, 0 , 0, 0 , 0, 0 , 0, 0 , 0, 0 , 0, 0 , 0, 0 , 0, 0 , 0, 0 , 0, 0 , 0, 0 , 0, 0 , 0, 0 , 0, 0 , 0, 0 , 0, 0 , 0, 0 , 0, 0 , 0, 0 , 0, 0 , 0, 0 , 0, 0 , 0, 0 , 0, 0 , 0, 1,1,1,1,1,1,1,1,1,1,1,1,1,1,1,1,1,1,1,1,1,1,1,1,1,1,1,1,1,1,1,1,1,1,1,1,1,1,1,1,1,1,1,1,1,1, 1, 1, 1, 1, 1, 1, 1, 1, 1, 1, 1, 1, 1, 1, 1, 1, 1, 1, 1, 1, 1, 1, 1, 1, 1, 1, 1, 1, 1, 1, 1, 1, 1, 1, 1, 1, 1, 1, 1, 1, 1, 1, 1, 1, 1, 1, 1, 1, 1, 1, 1, 1, 1, 1, 1
1,35124242497534,0,35124242497533,0,18080202170395,0,26324928243703,0,35123168753647,0,26255805128923,0,22407381786683,0,24606521958459,0,22407515480091,0,31204548033563,0,22407381262875,0,22407381262851,0,22407381262867,0,70368744169471,0,40960,0,274877997056,0,53322556284959,0,417149034527,0,417148903455,0,22407381262427,0,22407381262395,0,19658602192955,0,18009334751291,0,22957137076283,0,24606505181371,0,24606488404155,0,24606454849723,0,22407381262619,0,22407381262363,0,35123705626623,0,18009334751747,0,18009334751255,0,35119947530239,0,35201552031744,0,35192962097152,0,73728,0,417148772383,0,34986803544063,0,34849364623359,0,23506903375931,0,18559092662331,0,22407498703035,0,29554736906235,0,22407381262867,0,17463336583167,0,25769877504,0,0 , 0, 0 , 0, 0 , 0, 0 , 0, 0 , 0, 0 , 0, 0 , 0, 0 , 0, 0 , 0, 0 , 0, 0 , 0, 0 , 0, 0 , 0, 0 , 0, 0 , 0, 0 , 0, 0 , 0, 0 , 0, 0 , 0, 0 , 0, 0 , 0, 0 , 0, 0 , 0, 0 , 0, 0 , 0, 0 , 0, 0 , 0, 0 , 0, 0 , 0, 0 , 0, 0 , 0, 0 , 0, 0 , 0, 0 , 0, 0 , 0, 0 , 0, 0 , 0, 0 , 0, 0 , 0, 0 , 0, 0 , 0, 0 , 0, 0 , 0, 0 , 0, 0 , 0, 0 , 0, 0 , 0, 0 , 0, 0 , 0, 0 , 0, 0 , 0, 0 , 0, 0 , 0, 0 , 0, 1,1,1,1,1,1,1,1,1,1,1,1,1,1,1,1,1,1,1,1,1,1,1,1,1,1,1,1,1,1,1,1,1,1,1,1,1,1,1,1,1,1,1,1,1,1, 1, 1, 1, 1, 1, 1, 1, 1, 1, 1, 1, 1, 1, 1, 1, 1, 1, 1, 1, 1, 1, 1, 1, 1, 1, 1, 1, 1, 1, 1, 1, 1, 1, 1, 1, 1, 1, 1, 1, 1, 1, 1, 1, 1, 1, 1, 1, 1, 1, 1, 1, 1, 1, 1, 1
1,2305843009222090752,0,16140901054832197628,1,11529215035331063803,0,1594274272384131078,0,9664725835424210982,0,9664725423107350550,0,441352767777284102,0,442417095032971270,0,432345568522544646,0,432345568522544390,0,432345568522543878,0,441352767777288198,1,441352767777286147,1,18446744065119608831,1,8193,0,8192,0,8192,0,8192,0,8921088,0,15998976,0,15212544,0,14163968,0,12066816,0,2305843009221828609,0,8192,0,8192,0,8192,0,8192,0,8192,0,8192,0,8194,0,1594274272384131078,0,16140901049463488510,1,1,0,441352802137022470,0,441352784957153286,0,441353180094144566,0,441353111374667798,0,441352973935714326,0,9664724804632059958,0,441352767777284102,0,441352767777284102,0,441352767777284102,0,441915717730705542,0,441387952149372934,0,441370359963328518,0,442337930195771526,0,441704611498172550,0,441563874009817222,0,441431932614484102,0,441352767777284102,0,441352767777284102,0,432345568522543110,0,16001289465309968638,1,432345568522543111,0,432345568522543110,0,432345568522543110,0,15996785865682599934,1,15852670677606744063,1,441352767777284103,0,441352769924767758,0,8396801,0,441352767777284098,0,441353317533098038,0,441352767777290242,0,0 , 0, 0 , 0, 0 , 0, 0 , 0, 0 , 0, 0 , 0, 0 , 0, 0 , 0, 0 , 0, 0 , 0, 0 , 0, 0 , 0, 0 , 0, 0 , 0, 0 , 0, 0 , 0, 0 , 0, 0 , 0, 0 , 0, 0 , 0, 0 , 0, 0 , 0, 0 , 0, 0 , 0, 0 , 0, 0 , 0, 0 , 0, 0 , 0, 0 , 0, 0 , 0, 0 , 0, 0 , 0, 0 , 0, 0 , 0, 0 , 0, 1,1,1,1,1,1,1,1,1,1,1,1,1,1,1,1,1,1,1,1,1,1,1,1,1,1,1,1,1,1,1,1,1,1,1,1,1,1,1,1,1,1,1,1,1,1,1,1,1,1,1,1,1,1,1,1,1,1,1,1,1,1,1,1,1, 1, 1, 1, 1, 1, 1, 1, 1, 1, 1, 1, 1, 1, 1, 1, 1, 1, 1, 1, 1, 1, 1, 1, 1, 1, 1, 1, 1, 1, 1, 1, 1, 1, 1, 1, 1
1,114688,0,16384,0,16384,64,7880768,64,50348128,131972,16925588,131968,60129691520,0,60129560384,0,60129560256,0,60129560000,0,60129559488,0,16384,0,137438969856,0,16384,0,9187343239835795455,196604,196605,0,16385,0,16384,0,16384,0,7356424,64,6832200,64,5783624,64,3686472,64,16448,0,16432,131968,148368,131460,147844,0,16384,5120,21504,4096,1073762304,4096,536891392,6144,22528,4096,20480,4096,22464,0,34359756736,0,17179887552,0,16384,0,20480,16,16400,0,16384,0,16384,0,16384,0,16384,0,16384,0,16384,0,16384,0,16384,0,16384,0,562949953437696,0,281474976727040,0,16384,0,16384,0,16384,0,16384,0,16384,0,0,65536,81920,0,16384,0,16384,0,3458764513820557312,0,576460752303439872,0,576460752303439872,0,16384,0,0,1,9223372036854775809,0,0,0,33570832,131456,147840,4096,137438973952,0,16384,0,7880716,0,50348080,131844,50479924,131716,16925364,131456,134365568,4096,1073762304,4096,8455737344,3080,19464,0,16384,0,16384,0,36028797018963968,0,50348080,900,0 , 0, 0 , 0, 0 , 0, 0 , 0, 0 , 0, 0 , 0, 0 , 0, 0 , 0, 0 , 0, 0 , 0, 0 , 0, 0 , 0, 0 , 0, 0 , 0, 0 , 0, 0 , 0, 0 , 0, 0 , 0, 1,1,1,1,1,1,1,1,1,1,1,1,1,1,1,1,1,1,1,1,1,1,1,1,1,1,1,1,1,1,1,1,1,1,1,1,1,1,1,1,1,1,1,1,1,1,1,1,1,1,1,1,1,1,1,1,1,1,1,1,1,1,1,1,1,1,1,1,1,1,1,1,1,1,1,1,1,1,1,1,1,1, 1, 1, 1, 1, 1, 1, 1, 1, 1, 1, 1, 1, 1, 1, 1, 1, 1, 1, 1
1,17592186034174,0,15393179555553,0,2199006484121,0,2199006484117,0,2196875777677,0,15393179555523,0,15393179047587,0,17592186044287,0,16001,0,17592186043903,0,17592186043391,0,6016,0,17592186040319,0,6016,0,2199023261347,0,2199023261347,0,2199023392419,0,2199023326883,0,2199023261347,0,6597069772515,0,6597084452579,0,6597075015395,0,6597072918243,0,6597070821091,0,274877912717,0,274877912717,0,275817436813,0,275750327949,0,275616110221,0,275347674765,0,274877912717,0,824633726621,0,1090921698973,0,828928693917,0,932007909021,0,914828039837,0,880468301469,0,828928693917,0,1924128577181,0,1647119963805,0,824633726621,0,13194156300003,0,10995132536547,0,6597069772515,0,0 , 0, 0 , 0, 0 , 0, 0 , 0, 0 , 0, 0 , 0, 0 , 0, 0 , 0, 0 , 0, 0 , 0, 0 , 0, 0 , 0, 0 , 0, 0 , 0, 0 , 0, 0 , 0, 0 , 0, 0 , 0, 0 , 0, 0 , 0, 0 , 0, 0 , 0, 0 , 0, 0 , 0, 0 , 0, 0 , 0, 0 , 0, 0 , 0, 0 , 0, 0 , 0, 0 , 0, 0 , 0, 0 , 0, 0 , 0, 0 , 0, 0 , 0, 0 , 0, 0 , 0, 0 , 0, 0 , 0, 0 , 0, 0 , 0, 0 , 0, 0 , 0, 0 , 0, 0 , 0, 0 , 0, 0 , 0, 0 , 0, 0 , 0, 0 , 0, 0 , 0, 0 , 0, 0 , 0, 0 , 0, 0 , 0, 1,1,1,1,1,1,1,1,1,1,1,1,1,1,1,1,1,1,1,1,1,1,1,1,1,1,1,1,1,1,1,1,1,1,1,1,1,1,1,1,1,1,1,1, 1, 1, 1, 1, 1, 1, 1, 1, 1, 1, 1, 1, 1, 1, 1, 1, 1, 1, 1, 1, 1, 1, 1, 1, 1, 1, 1, 1, 1, 1, 1, 1, 1, 1, 1, 1, 1, 1, 1, 1, 1, 1, 1, 1, 1, 1, 1, 1, 1, 1, 1, 1, 1, 1, 1, 1, 1
1,280959580585982,0,54425833177149,0,280959579865083,0,280959579865079,0,280959579865071,0,53326318403615,0,9345849098269,0,227083376934685,0,227083376934557,0,227083376934301,0,227083376933789,0,227083376932765,0,218254937436061,0,213856085614493,0,0,0,0,0,549755813889,0,549756076033,0,280959580258303,0,549756076033,0,36833639792671,0,53326318403615,0,53326316306495,0,549772853277,0,549764464669,0,549756076061,0,549756076061,0,2748779335581,0,147884314206109,0,213856085614493,0,213855548751773,0,2748779335581,0,2748779335581,0,11562052226973,0,11553462292381,0,9277129359360,0,8830452760576,0,8830452760576,0,8830452760576,0,280409824772095,0,35734129213471,0,224884353679261,0,143486536130461,0,3289945214941,0,35734134456383,0,19241461088319,0,143487878315933,0,77517449084829,0,0 , 0, 0 , 0, 0 , 0, 0 , 0, 0 , 0, 0 , 0, 0 , 0, 0 , 0, 0 , 0, 0 , 0, 0 , 0, 0 , 0, 0 , 0, 0 , 0, 0 , 0, 0 , 0, 0 , 0, 0 , 0, 0 , 0, 0 , 0, 0 , 0, 0 , 0, 0 , 0, 0 , 0, 0 , 0, 0 , 0, 0 , 0, 0 , 0, 0 , 0, 0 , 0, 0 , 0, 0 , 0, 0 , 0, 0 , 0, 0 , 0, 0 , 0, 0 , 0, 0 , 0, 0 , 0, 0 , 0, 0 , 0, 0 , 0, 0 , 0, 0 , 0, 0 , 0, 0 , 0, 0 , 0, 0 , 0, 0 , 0, 0 , 0, 0 , 0, 0 , 0, 1,1,1,1,1,1,1,1,1,1,1,1,1,1,1,1,1,1,1,1,1,1,1,1,1,1,1,1,1,1,1,1,1,1,1,1,1,1,1,1,1,1,1,1,1,1,1,1, 1, 1, 1, 1, 1, 1, 1, 1, 1, 1, 1, 1, 1, 1, 1, 1, 1, 1, 1, 1, 1, 1, 1, 1, 1, 1, 1, 1, 1, 1, 1, 1, 1, 1, 1, 1, 1, 1, 1, 1, 1, 1, 1, 1, 1, 1, 1, 1, 1, 1, 1, 1, 1
1,343597391874,0,343597391873,0,3917026951192,0,1718003695636,0,1718003695628,0,2817515847680,0,13812679835776,0,13812677738560,0,27006905352192,0,10514096718848,0,10514096718336,0,1176821043200,0,1176821041152,0,343597383683,0,3917010206720,0,3367254376448,0,3917026951168,0,3917026951168,0,1718003695616,0,618492067872,0,618492067840,0,618492067904,0,9414585090240,0,9414585090240,0,34711908845564,0,9414585090240,0,27006771134464,0,27006771134720,0,27006771134464,0,1718003695616,0,618492067840,0,618492067840,0,3917026951168,0,1168231110656,0,35253091565568,0,35253091565568,0,70300024700927,0,343597383680,0,206158438403,0,34162169825276,0,29219216678428,0,1722298908708,0,9414585090240,0,23708752152512,0,10514566480128,0,120259084288,0,0 , 0, 0 , 0, 0 , 0, 0 , 0, 0 , 0, 0 , 0, 0 , 0, 0 , 0, 0 , 0, 0 , 0, 0 , 0, 0 , 0, 0 , 0, 0 , 0, 0 , 0, 0 , 0, 0 , 0, 0 , 0, 0 , 0, 0 , 0, 0 , 0, 0 , 0, 0 , 0, 0 , 0, 0 , 0, 0 , 0, 0 , 0, 0 , 0, 0 , 0, 0 , 0, 0 , 0, 0 , 0, 0 , 0, 0 , 0, 0 , 0, 0 , 0, 0 , 0, 0 , 0, 0 , 0, 0 , 0, 0 , 0, 0 , 0, 0 , 0, 0 , 0, 0 , 0, 0 , 0, 0 , 0, 0 , 0, 0 , 0, 0 , 0, 0 , 0, 0 , 0, 0 , 0, 0 , 0, 1,1,1,1,1,1,1,1,1,1,1,1,1,1,1,1,1,1,1,1,1,1,1,1,1,1,1,1,1,1,1,1,1,1,1,1,1,1,1,1,1,1,1,1,1,1, 1, 1, 1, 1, 1, 1, 1, 1, 1, 1, 1, 1, 1, 1, 1, 1, 1, 1, 1, 1, 1, 1, 1, 1, 1, 1, 1, 1, 1, 1, 1, 1, 1, 1, 1, 1, 1, 1, 1, 1, 1, 1, 1, 1, 1, 1, 1, 1, 1, 1, 1, 1, 1, 1, 1
1,35184372088832,0,35184372088832,0,1055531162671104,0,18444501069988874224,3,1141662505806726123,0,889460926406066392,0,871446527896191160,0,889460926405673080,0,132856189007429656,0,276971377100062744,0,17293824764904734728,1,492581209243653,0,492581209243652,0,211106232532992,0,8,0,2251799813685256,0,583216151744479240,0,583216151744479288,0,313000174102249528,0,313000174102249496,0,24769797956829208,0,24769797951586328,0,24769797951586328,0,24769797950537752,0,24769797950538264,0,168884986026393624,0,168884986026393624,0,6755399441055768,0,2251799813685256,0,2251799813685256,0,17293856789254636552,3,3458764514894282763,2,8070450541911606282,0,8070450537616638984,1,5764607627187192841,1,5764607541287846921,0,5764607541287846920,1,5764607797912142857,0,5764608210229003272,0,5764607797912142856,0,5764607524107977736,0,5764607524107976712,0,1152921505680588808,2,1073741826,0,1073741824,0,70368744177667,0,2146246697433092,0,2040693581166596,0,774056185960452,0,492581209243652,0,211106232532992,0,1148417906053186552,0,1146166105434162168,0,583216151744479240,0,547187354859471800,0,240942580064322328,0,204913783045358360,0,421086565259805208,0,745345738330603768,0,303992974847705336,0,16140909859515139080,3,5764607539140363275,3,12682140945500603403,3,5764607524107977739,1,17293822664665728009,0,8070454933515665416,0,0 , 0, 0 , 0, 0 , 0, 0 , 0, 0 , 0, 0 , 0, 0 , 0, 0 , 0, 0 , 0, 0 , 0, 0 , 0, 0 , 0, 0 , 0, 0 , 0, 0 , 0, 0 , 0, 0 , 0, 0 , 0, 0 , 0, 0 , 0, 0 , 0, 0 , 0, 0 , 0, 0 , 0, 0 , 0, 0 , 0, 0 , 0, 0 , 0, 0 , 0, 0 , 0, 0 , 0, 0 , 0, 0 , 0, 0 , 0, 1,1,1,1,1,1,1,1,1,1,1,1,1,1,1,1,1,1,1,1,1,1,1,1,1,1,1,1,1,1,1,1,1,1,1,1,1,1,1,1,1,1,1,1,1,1,1,1,1,1,1,1,1,1,1,1,1,1,1,1,1,1,1,1,1,1, 1, 1, 1, 1, 1, 1, 1, 1, 1, 1, 1, 1, 1, 1, 1, 1, 1, 1, 1, 1, 1, 1, 1, 1, 1, 1, 1, 1, 1, 1, 1, 1, 1, 1, 1
1,57344,0,57344,0,137439010816,0,137439010816,0,39307607599072,0,39307548615120,0,35459250577456,0,1105968,0,3298541232176,0,3298593661968,0,3298593661456,0,30787399327744,0,13194139541504,0,70368744169471,0,39513766209535,0,39513766193151,0,57344,0,137439010816,0,57360,0,35459250053232,0,57520,0,2199027507504,0,2199025410352,0,2199073646096,0,2199031703056,0,2199031703056,0,8192,0,4398314954752,0,134225920,0,4398046519296,0,13194139543552,0,13194139541504,0,13194139541504,0,13194139541504,0,4398046519296,0,4398046519296,0,137439010816,0,68719665164,0,35734128484464,0,274877964336,0,2199023314736,0,1099576698672,0,26456595904512,0,22006338697216,0,13194139543552,0,274878488688,0,0 , 0, 0 , 0, 0 , 0, 0 , 0, 0 , 0, 0 , 0, 0 , 0, 0 , 0, 0 , 0, 0 , 0, 0 , 0, 0 , 0, 0 , 0, 0 , 0, 0 , 0, 0 , 0, 0 , 0, 0 , 0, 0 , 0, 0 , 0, 0 , 0, 0 , 0, 0 , 0, 0 , 0, 0 , 0, 0 , 0, 0 , 0, 0 , 0, 0 , 0, 0 , 0, 0 , 0, 0 , 0, 0 , 0, 0 , 0, 0 , 0, 0 , 0, 0 , 0, 0 , 0, 0 , 0, 0 , 0, 0 , 0, 0 , 0, 0 , 0, 0 , 0, 0 , 0, 0 , 0, 0 , 0, 0 , 0, 0 , 0, 0 , 0, 0 , 0, 0 , 0, 0 , 0, 0 , 0, 1,1,1,1,1,1,1,1,1,1,1,1,1,1,1,1,1,1,1,1,1,1,1,1,1,1,1,1,1,1,1,1,1,1,1,1,1,1,1,1,1,1,1,1,1,1, 1, 1, 1, 1, 1, 1, 1, 1, 1, 1, 1, 1, 1, 1, 1, 1, 1, 1, 1, 1, 1, 1, 1, 1, 1, 1, 1, 1, 1, 1, 1, 1, 1, 1, 1, 1, 1, 1, 1, 1, 1, 1, 1, 1, 1, 1, 1, 1, 1, 1, 1, 1, 1, 1, 1
1,352258,0,575335951904368125,6144,18446727579961753082,6207,71934444441009151,2048,34360092782,2048,34360092766,2048,34360092734,2048,26638,0,24590,2048,26632,2048,432345564227594246,4096,28676,2048,4398046603272,2048,18446744073709543423,7423,18446744073709535231,7231,4160575,2048,1125899906775167,2048,387072,2048,549755545727,2048,387072,0,385024,0,385024,0,352258,0,17129474,0,8740866,0,352258,0,352258,0,352258,0,537223170,0,268787714,0,2147835910,0,1074094086,0,352270,0,352270,0,352270,0,352382,2048,354318,0,352270,0,352270,0,90126,0,90120,2048,92168,0,94216,0,90120,2048,92164,2048,92164,0,90116,0,90124,0,90124,0,90124,0,24590,0,4503599627395086,0,2251799813709838,0,24590,0,24590,0,24590,0,24582,4096,288230376151741446,4096,144115188075885574,4096,17293822569102733316,6175,576460752303454239,4096,14411518807585615876,6175,2882303761517148191,0,2882303761517142020,2048,2882303761517144068,2048,2882303761517144068,2048,2882303761517144068,2048,2882303761517144068,2096,2882303761517144116,2056,26636,2056,10248,1024,9216,1024,1024,0,0,0,24576,192,12105703320522849278,63,4539628424389485631,0,0 , 0, 0 , 0, 0 , 0, 0 , 0, 0 , 0, 0 , 0, 0 , 0, 0 , 0, 0 , 0, 0 , 0, 0 , 0, 0 , 0, 0 , 0, 0 , 0, 0 , 0, 0 , 0, 0 , 0, 0 , 0, 0 , 0, 0 , 0, 0 , 0, 0 , 0, 0 , 0, 1,1,1,1,1,1,1,1,1,1,1,1,1,1,1,1,1,1,1,1,1,1,1,1,1,1,1,1,1,1,1,1,1,1,1,1,1,1,1,1,1,1,1,1,1,1,1,1,1,1,1,1,1,1,1,1,1,1,1,1,1,1,1,1,1,1,1,1,1,1,1,1,1,1,1,1,1, 1, 1, 1, 1, 1, 1, 1, 1, 1, 1, 1, 1, 1, 1, 1, 1, 1, 1, 1, 1, 1, 1, 1, 1
1,16499108482430,0,139912846249981,0,139775407296507,0,139912837859319,0,139912837859311,0,139912821082079,0,16498579998015,0,123280593782590,0,139775415680767,0,88016764798398,0,139775415679999,0,8800404763911,0,8796101405952,0,8796101401856,0,8796101393664,0,8796101377280,0,8796101344512,0,8796101278976,0,8796101147904,0,8796100885760,0,8796100361472,0,8796099312896,0,8796097215744,0,8800387992839,0,8800387990815,0,8800387990847,0,8800387990847,0,8800387990847,0,8800387990847,0,16496969385343,0,12098922874239,0,8800387990974,0,139771112329215,0,87965225190846,0,17596481013694,0,17665200490430,0,17630840751550,0,58,0,0,0,0,0,15399068370303,0,14299556742527,0,12099459745151,0,7705171328383,0,105686260254654,0,17596481013182,0,17605070948286,0,0 , 0, 0 , 0, 0 , 0, 0 , 0, 0 , 0, 0 , 0, 0 , 0, 0 , 0, 0 , 0, 0 , 0, 0 , 0, 0 , 0, 0 , 0, 0 , 0, 0 , 0, 0 , 0, 0 , 0, 0 , 0, 0 , 0, 0 , 0, 0 , 0, 0 , 0, 0 , 0, 0 , 0, 0 , 0, 0 , 0, 0 , 0, 0 , 0, 0 , 0, 0 , 0, 0 , 0, 0 , 0, 0 , 0, 0 , 0, 0 , 0, 0 , 0, 0 , 0, 0 , 0, 0 , 0, 0 , 0, 0 , 0, 0 , 0, 0 , 0, 0 , 0, 0 , 0, 0 , 0, 0 , 0, 0 , 0, 0 , 0, 0 , 0, 0 , 0, 0 , 0, 0 , 0, 1,1,1,1,1,1,1,1,1,1,1,1,1,1,1,1,1,1,1,1,1,1,1,1,1,1,1,1,1,1,1,1,1,1,1,1,1,1,1,1,1,1,1,1,1,1,1, 1, 1, 1, 1, 1, 1, 1, 1, 1, 1, 1, 1, 1, 1, 1, 1, 1, 1, 1, 1, 1, 1, 1, 1, 1, 1, 1, 1, 1, 1, 1, 1, 1, 1, 1, 1, 1, 1, 1, 1, 1, 1, 1, 1, 1, 1, 1, 1, 1, 1, 1, 1, 1, 1
1,229376,0,18446744073707716604,1983,231359,0,18446744073676259314,1855,231231,0,18014396362235850,1576,230954,0,562812514698026,1032,230570,0,18446735277616790698,63,9007199254911551,32,9007199254910506,32,9007199254908458,32,164394,16,33306,0,18446744073709518847,2047,562949953325055,1992,18446744073709404159,2041,231417,0,229376,64,229440,0,229378,0,229378,0,229378,128,229506,0,229386,0,229386,0,268664842,0,134447114,0,229386,256,229642,0,229418,0,229418,0,17180098602,0,8590164010,0,229418,512,229930,0,229546,0,229546,0,1099511857322,0,549756043434,0,229546,1024,230570,0,230058,0,230058,0,230058,0,230058,0,230058,8,230058,8,164394,0,164394,0,164394,0,164394,0,171562,32,164394,0,164362,0,164362,16,288230376151876122,16,144115188076020250,16,164378,16,164378,16,164378,16,164378,16,164378,16,164378,0,33290,4,33294,2,422212465296042,0,18374686479671796234,0,9007199254912554,0,753664,0,8617986,0,537100298,0,34359967786,0,2199023485098,0,0 , 0, 0 , 0, 0 , 0, 0 , 0, 0 , 0, 0 , 0, 0 , 0, 0 , 0, 0 , 0, 0 , 0, 0 , 0, 0 , 0, 0 , 0, 0 , 0, 0 , 0, 0 , 0, 0 , 0, 0 , 0, 0 , 0, 0 , 0, 0 , 0, 0 , 0, 0 , 0, 0 , 0, 0 , 0, 1,1,1,1,1,1,1,1,1,1,1,1,1,1,1,1,1,1,1,1,1,1,1,1,1,1,1,1,1,1,1,1,1,1,1,1,1,1,1,1,1,1,1,1,1,1,1,1,1,1,1,1,1,1,1,1,1,1,1,1,1,1,1,1,1,1,1,1,1,1,1,1,1,1,1, 1, 1, 1, 1, 1, 1, 1, 1, 1, 1, 1, 1, 1, 1, 1, 1, 1, 1, 1, 1, 1, 1, 1, 1, 1, 1
