1,2054,0,2053,0,2051,0,2048,0,2048,0,2112,0,2080,0,2048,0,2048,0,2048,0,2048,0,2047,0,0 , 0, 0 , 0, 0 , 0, 0 , 0, 0 , 0, 0 , 0, 0 , 0, 0 , 0, 0 , 0, 0 , 0, 0 , 0, 0 , 0, 0 , 0, 0 , 0, 0 , 0, 0 , 0, 0 , 0, 0 , 0, 0 , 0, 0 , 0, 0 , 0, 0 , 0, 0 , 0, 0 , 0, 0 , 0, 0 , 0, 0 , 0, 0 , 0, 0 , 0, 0 , 0, 0 , 0, 0 , 0, 0 , 0, 0 , 0, 0 , 0, 0 , 0, 0 , 0, 0 , 0, 0 , 0, 0 , 0, 0 , 0, 0 , 0, 0 , 0, 0 , 0, 0 , 0, 0 , 0, 0 , 0, 0 , 0, 0 , 0, 0 , 0, 0 , 0, 0 , 0, 0 , 0, 0 , 0, 0 , 0, 0 , 0, 0 , 0, 0 , 0, 0 , 0, 0 , 0, 0 , 0, 0 , 0, 0 , 0, 0 , 0, 0 , 0, 0 , 0, 0 , 0, 0 , 0, 0 , 0, 0 , 0, 0 , 0, 0 , 0, 0 , 0, 0 , 0, 0 , 0, 0 , 0, 0 , 0, 0 , 0, 0 , 0, 0 , 0, 0 , 0, 0 , 0, 0 , 0, 0 , 0, 0 , 0, 0 , 0, 0 , 0, 0 , 0, 1,1,1,1,1,1,1,1,1,1,1,1, 1, 1, 1, 1, 1, 1, 1, 1, 1, 1, 1, 1, 1, 1, 1, 1, 1, 1, 1, 1, 1, 1, 1, 1, 1, 1, 1, 1, 1, 1, 1, 1, 1, 1, 1, 1, 1, 1, 1, 1, 1, 1, 1, 1, 1, 1, 1, 1, 1, 1, 1, 1, 1, 1, 1, 1, 1, 1, 1, 1, 1, 1, 1, 1, 1, 1, 1, 1, 1, 1, 1, 1, 1, 1, 1, 1, 1, 1, 1, 1, 1, 1, 1, 1, 1, 1, 1, 1,1
1,32750,0,32745,0,25,0,32759,0,12,0,16459,0,16427,0,19211,0,18571,0,18571,0,26635,0,30603,0,26635,0,23563,0,16363,0,0 , 0, 0 , 0, 0 , 0, 0 , 0, 0 , 0, 0 , 0, 0 , 0, 0 , 0, 0 , 0, 0 , 0, 0 , 0, 0 , 0, 0 , 0, 0 , 0, 0 , 0, 0 , 0, 0 , 0, 0 , 0, 0 , 0, 0 , 0, 0 , 0, 0 , 0, 0 , 0, 0 , 0, 0 , 0, 0 , 0, 0 , 0, 0 , 0, 0 , 0, 0 , 0, 0 , 0, 0 , 0, 0 , 0, 0 , 0, 0 , 0, 0 , 0, 0 , 0, 0 , 0, 0 , 0, 0 , 0, 0 , 0, 0 , 0, 0 , 0, 0 , 0, 0 , 0, 0 , 0, 0 , 0, 0 , 0, 0 , 0, 0 , 0, 0 , 0, 0 , 0, 0 , 0, 0 , 0, 0 , 0, 0 , 0, 0 , 0, 0 , 0, 0 , 0, 0 , 0, 0 , 0, 0 , 0, 0 , 0, 0 , 0, 0 , 0, 0 , 0, 0 , 0, 0 , 0, 0 , 0, 0 , 0, 0 , 0, 0 , 0, 0 , 0, 0 , 0, 0 , 0, 0 , 0, 0 , 0, 0 , 0, 0 , 0, 0 , 0, 0 , 0, 0 , 0, 0 , 0, 0 , 0, 0 , 0, 1,1,1,1,1,1,1,1,1,1,1,1,1,1,1, 1, 1, 1, 1, 1, 1, 1, 1, 1, 1, 1, 1, 1, 1, 1, 1, 1, 1, 1, 1, 1, 1, 1, 1, 1, 1, 1, 1, 1, 1, 1, 1, 1, 1, 1, 1, 1, 1, 1, 1, 1, 1, 1, 1, 1, 1, 1, 1, 1, 1, 1, 1, 1, 1, 1, 1, 1, 1, 1, 1, 1, 1, 1, 1, 1, 1, 1, 1, 1, 1, 1, 1, 1, 1, 1, 1, 1, 1, 1, 1, 1, 1, 1, 1, 1, 1
1,16382,0,12641,0,12641,0,12641,0,12641,0,16351,0,16319,0,12641,0,16127,0,12641,0,12641,0,12641,0,12287,0,8191,0,0 , 0, 0 , 0, 0 , 0, 0 , 0, 0 , 0, 0 , 0, 0 , 0, 0 , 0, 0 , 0, 0 , 0, 0 , 0, 0 , 0, 0 , 0, 0 , 0, 0 , 0, 0 , 0, 0 , 0, 0 , 0, 0 , 0, 0 , 0, 0 , 0, 0 , 0, 0 , 0, 0 , 0, 0 , 0, 0 , 0, 0 , 0, 0 , 0, 0 , 0, 0 , 0, 0 , 0, 0 , 0, 0 , 0, 0 , 0, 0 , 0, 0 , 0, 0 , 0, 0 , 0, 0 , 0, 0 , 0, 0 , 0, 0 , 0, 0 , 0, 0 , 0, 0 , 0, 0 , 0, 0 , 0, 0 , 0, 0 , 0, 0 , 0, 0 , 0, 0 , 0, 0 , 0, 0 , 0, 0 , 0, 0 , 0, 0 , 0, 0 , 0, 0 , 0, 0 , 0, 0 , 0, 0 , 0, 0 , 0, 0 , 0, 0 , 0, 0 , 0, 0 , 0, 0 , 0, 0 , 0, 0 , 0, 0 , 0, 0 , 0, 0 , 0, 0 , 0, 0 , 0, 0 , 0, 0 , 0, 0 , 0, 0 , 0, 0 , 0, 0 , 0, 0 , 0, 0 , 0, 0 , 0, 0 , 0, 0 , 0, 1,1,1,1,1,1,1,1,1,1,1,1,1,1, 1, 1, 1, 1, 1, 1, 1, 1, 1, 1, 1, 1, 1, 1, 1, 1, 1, 1, 1, 1, 1, 1, 1, 1, 1, 1, 1, 1, 1, 1, 1, 1, 1, 1, 1, 1, 1, 1, 1, 1, 1, 1, 1, 1, 1, 1, 1, 1, 1, 1, 1, 1, 1, 1, 1, 1, 1, 1, 1, 1, 1, 1, 1, 1, 1, 1, 1, 1, 1, 1, 1, 1, 1, 1, 1, 1, 1, 1, 1, 1, 1, 1, 1, 1, 1, 1,1
1,524286,0,515837,0,312475,0,311447,0,311439,0,262275,0,464899,0,313151,0,262273,0,262275,0,262279,0,462915,0,460867,0,1,0,295071,0,278687,0,399427,0,333891,0,253951,0,0 , 0, 0 , 0, 0 , 0, 0 , 0, 0 , 0, 0 , 0, 0 , 0, 0 , 0, 0 , 0, 0 , 0, 0 , 0, 0 , 0, 0 , 0, 0 , 0, 0 , 0, 0 , 0, 0 , 0, 0 , 0, 0 , 0, 0 , 0, 0 , 0, 0 , 0, 0 , 0, 0 , 0, 0 , 0, 0 , 0, 0 , 0, 0 , 0, 0 , 0, 0 , 0, 0 , 0, 0 , 0, 0 , 0, 0 , 0, 0 , 0, 0 , 0, 0 , 0, 0 , 0, 0 , 0, 0 , 0, 0 , 0, 0 , 0, 0 , 0, 0 , 0, 0 , 0, 0 , 0, 0 , 0, 0 , 0, 0 , 0, 0 , 0, 0 , 0, 0 , 0, 0 , 0, 0 , 0, 0 , 0, 0 , 0, 0 , 0, 0 , 0, 0 , 0, 0 , 0, 0 , 0, 0 , 0, 0 , 0, 0 , 0, 0 , 0, 0 , 0, 0 , 0, 0 , 0, 0 , 0, 0 , 0, 0 , 0, 0 , 0, 0 , 0, 0 , 0, 0 , 0, 0 , 0, 0 , 0, 0 , 0, 0 , 0, 0 , 0, 0 , 0, 1,1,1,1,1,1,1,1,1,1,1,1,1,1,1,1,1,1,1, 1, 1, 1, 1, 1, 1, 1, 1, 1, 1, 1, 1, 1, 1, 1, 1, 1, 1, 1, 1, 1, 1, 1, 1, 1, 1, 1, 1, 1, 1, 1, 1, 1, 1, 1, 1, 1, 1, 1, 1, 1, 1, 1, 1, 1, 1, 1, 1, 1, 1, 1, 1, 1, 1, 1, 1, 1, 1, 1, 1, 1, 1, 1, 1, 1, 1, 1, 1, 1, 1, 1, 1, 1, 1, 1, 1, 1, 1, 1, 1, 1,1
1,244813215744,0,1095233355772,0,1095220771322,0,1095220771318,0,820342863886,0,820338931726,0,1095216839054,0,1095216838990,0,837518801102,0,549768443906,0,1099763333122,0,2199023253503,0,2199023251455,0,2199023247359,0,798595725312,0,2199023222782,0,795374450689,0,1099247254014,0,820338931742,0,820339980318,0,820341553182,0,820339980318,0,549755861506,0,549755861506,0,1099612339200,0,1099729779712,0,1099696225280,0,100711424,0,798327306240,0,794837645312,0,796985063424,0,795911321600,0,1094952417791,0,1086630836734,0,1078040901886,0,1064887646463,0,1030527908095,0,961808431359,0,820338932174,0,549504154622,0,117488640,0,0 , 0, 0 , 0, 0 , 0, 0 , 0, 0 , 0, 0 , 0, 0 , 0, 0 , 0, 0 , 0, 0 , 0, 0 , 0, 0 , 0, 0 , 0, 0 , 0, 0 , 0, 0 , 0, 0 , 0, 0 , 0, 0 , 0, 0 , 0, 0 , 0, 0 , 0, 0 , 0, 0 , 0, 0 , 0, 0 , 0, 0 , 0, 0 , 0, 0 , 0, 0 , 0, 0 , 0, 0 , 0, 0 , 0, 0 , 0, 0 , 0, 0 , 0, 0 , 0, 0 , 0, 0 , 0, 0 , 0, 0 , 0, 0 , 0, 0 , 0, 0 , 0, 0 , 0, 0 , 0, 0 , 0, 0 , 0, 0 , 0, 0 , 0, 0 , 0, 0 , 0, 0 , 0, 0 , 0, 0 , 0, 0 , 0, 0 , 0, 0 , 0, 0 , 0, 1,1,1,1,1,1,1,1,1,1,1,1,1,1,1,1,1,1,1,1,1,1,1,1,1,1,1,1,1,1,1,1,1,1,1,1,1,1,1,1,1, 1, 1, 1, 1, 1, 1, 1, 1, 1, 1, 1, 1, 1, 1, 1, 1, 1, 1, 1, 1, 1, 1, 1, 1, 1, 1, 1, 1, 1, 1, 1, 1, 1, 1, 1, 1, 1, 1, 1, 1, 1, 1, 1, 1, 1, 1, 1, 1, 1, 1, 1, 1, 1, 1, 1, 1, 1, 1, 1,1
1,32796,0,491020,0,524283,0,524279,0,32781,0,262220,0,262188,0,262412,0,262284,0,424974,0,424462,0,398862,0,396814,0,411150,0,402958,0,29,0,393230,0,359950,0,229358,0,0 , 0, 0 , 0, 0 , 0, 0 , 0, 0 , 0, 0 , 0, 0 , 0, 0 , 0, 0 , 0, 0 , 0, 0 , 0, 0 , 0, 0 , 0, 0 , 0, 0 , 0, 0 , 0, 0 , 0, 0 , 0, 0 , 0, 0 , 0, 0 , 0, 0 , 0, 0 , 0, 0 , 0, 0 , 0, 0 , 0, 0 , 0, 0 , 0, 0 , 0, 0 , 0, 0 , 0, 0 , 0, 0 , 0, 0 , 0, 0 , 0, 0 , 0, 0 , 0, 0 , 0, 0 , 0, 0 , 0, 0 , 0, 0 , 0, 0 , 0, 0 , 0, 0 , 0, 0 , 0, 0 , 0, 0 , 0, 0 , 0, 0 , 0, 0 , 0, 0 , 0, 0 , 0, 0 , 0, 0 , 0, 0 , 0, 0 , 0, 0 , 0, 0 , 0, 0 , 0, 0 , 0, 0 , 0, 0 , 0, 0 , 0, 0 , 0, 0 , 0, 0 , 0, 0 , 0, 0 , 0, 0 , 0, 0 , 0, 0 , 0, 0 , 0, 0 , 0, 0 , 0, 0 , 0, 0 , 0, 0 , 0, 0 , 0, 0 , 0, 0 , 0, 1,1,1,1,1,1,1,1,1,1,1,1,1,1,1,1,1,1,1, 1, 1, 1, 1, 1, 1, 1, 1, 1, 1, 1, 1, 1, 1, 1, 1, 1, 1, 1, 1, 1, 1, 1, 1, 1, 1, 1, 1, 1, 1, 1, 1, 1, 1, 1, 1, 1, 1, 1, 1, 1, 1, 1, 1, 1, 1, 1, 1, 1, 1, 1, 1, 1, 1, 1, 1, 1, 1, 1, 1, 1, 1, 1, 1, 1, 1, 1, 1, 1, 1, 1, 1, 1, 1, 1, 1, 1, 1, 1, 1, 1,1
1,1095753531390,0,287762812677,0,287762812675,0,498249744689,0,498216223017,0,498232951065,0,826646987137,0,825036374337,0,1096290402047,0,287762812167,0,287762809607,0,287762809607,0,274877915393,0,274877911297,0,360777253145,0,498216272169,0,498216239401,0,498216468777,0,498216337705,0,498217255209,0,498216730921,0,498220400937,0,498218303785,0,498216206633,0,343597383945,0,378024231169,0,377990676737,0,274877907393,0,274877907393,0,1073742144,0,2684354624,0,1073741824,0,283467845383,0,279172878087,0,481053098297,0,343698047233,0,463990669625,0,360793997625,0,820875624447,0,274877907393,0,0 , 0, 0 , 0, 0 , 0, 0 , 0, 0 , 0, 0 , 0, 0 , 0, 0 , 0, 0 , 0, 0 , 0, 0 , 0, 0 , 0, 0 , 0, 0 , 0, 0 , 0, 0 , 0, 0 , 0, 0 , 0, 0 , 0, 0 , 0, 0 , 0, 0 , 0, 0 , 0, 0 , 0, 0 , 0, 0 , 0, 0 , 0, 0 , 0, 0 , 0, 0 , 0, 0 , 0, 0 , 0, 0 , 0, 0 , 0, 0 , 0, 0 , 0, 0 , 0, 0 , 0, 0 , 0, 0 , 0, 0 , 0, 0 , 0, 0 , 0, 0 , 0, 0 , 0, 0 , 0, 0 , 0, 0 , 0, 0 , 0, 0 , 0, 0 , 0, 0 , 0, 0 , 0, 0 , 0, 0 , 0, 0 , 0, 0 , 0, 0 , 0, 0 , 0, 0 , 0, 1,1,1,1,1,1,1,1,1,1,1,1,1,1,1,1,1,1,1,1,1,1,1,1,1,1,1,1,1,1,1,1,1,1,1,1,1,1,1,1, 1, 1, 1, 1, 1, 1, 1, 1, 1, 1, 1, 1, 1, 1, 1, 1, 1, 1, 1, 1, 1, 1, 1, 1, 1, 1, 1, 1, 1, 1, 1, 1, 1, 1, 1, 1, 1, 1, 1, 1, 1, 1, 1, 1, 1, 1, 1, 1, 1, 1, 1, 1, 1, 1, 1, 1, 1, 1, 1, 1,1
1,273938382846,0,71940704133,0,71940704131,0,124562432145,0,124558237833,0,206661746881,0,206259093665,0,274072600447,0,71940703879,0,71940702599,0,71940702599,0,68719480961,0,68719478913,0,85899346073,0,124554084505,0,124554068121,0,124554182809,0,124554117273,0,124554576025,0,124554313881,0,124556148889,0,124555100313,0,85899346057,0,94506057857,0,94497669249,0,68719476961,0,68719476961,0,268435616,0,671088672,0,268435456,0,70866962311,0,69793220487,0,120263262361,0,85924511873,0,115997663385,0,90198491289,0,205218906111,0,68719476961,0,0 , 0, 0 , 0, 0 , 0, 0 , 0, 0 , 0, 0 , 0, 0 , 0, 0 , 0, 0 , 0, 0 , 0, 0 , 0, 0 , 0, 0 , 0, 0 , 0, 0 , 0, 0 , 0, 0 , 0, 0 , 0, 0 , 0, 0 , 0, 0 , 0, 0 , 0, 0 , 0, 0 , 0, 0 , 0, 0 , 0, 0 , 0, 0 , 0, 0 , 0, 0 , 0, 0 , 0, 0 , 0, 0 , 0, 0 , 0, 0 , 0, 0 , 0, 0 , 0, 0 , 0, 0 , 0, 0 , 0, 0 , 0, 0 , 0, 0 , 0, 0 , 0, 0 , 0, 0 , 0, 0 , 0, 0 , 0, 0 , 0, 0 , 0, 0 , 0, 0 , 0, 0 , 0, 0 , 0, 0 , 0, 0 , 0, 0 , 0, 0 , 0, 0 , 0, 0 , 0, 0 , 0, 0 , 0, 1,1,1,1,1,1,1,1,1,1,1,1,1,1,1,1,1,1,1,1,1,1,1,1,1,1,1,1,1,1,1,1,1,1,1,1,1,1, 1, 1, 1, 1, 1, 1, 1, 1, 1, 1, 1, 1, 1, 1, 1, 1, 1, 1, 1, 1, 1, 1, 1, 1, 1, 1, 1, 1, 1, 1, 1, 1, 1, 1, 1, 1, 1, 1, 1, 1, 1, 1, 1, 1, 1, 1, 1, 1, 1, 1, 1, 1, 1, 1, 1, 1, 1, 1, 1, 1, 1, 1,1
1,16382,0,16381,0,16379,0,16375,0,16367,0,14367,0,14751,0,14431,0,14431,0,14367,0,14367,0,14335,0,12287,0,8191,0,0 , 0, 0 , 0, 0 , 0, 0 , 0, 0 , 0, 0 , 0, 0 , 0, 0 , 0, 0 , 0, 0 , 0, 0 , 0, 0 , 0, 0 , 0, 0 , 0, 0 , 0, 0 , 0, 0 , 0, 0 , 0, 0 , 0, 0 , 0, 0 , 0, 0 , 0, 0 , 0, 0 , 0, 0 , 0, 0 , 0, 0 , 0, 0 , 0, 0 , 0, 0 , 0, 0 , 0, 0 , 0, 0 , 0, 0 , 0, 0 , 0, 0 , 0, 0 , 0, 0 , 0, 0 , 0, 0 , 0, 0 , 0, 0 , 0, 0 , 0, 0 , 0, 0 , 0, 0 , 0, 0 , 0, 0 , 0, 0 , 0, 0 , 0, 0 , 0, 0 , 0, 0 , 0, 0 , 0, 0 , 0, 0 , 0, 0 , 0, 0 , 0, 0 , 0, 0 , 0, 0 , 0, 0 , 0, 0 , 0, 0 , 0, 0 , 0, 0 , 0, 0 , 0, 0 , 0, 0 , 0, 0 , 0, 0 , 0, 0 , 0, 0 , 0, 0 , 0, 0 , 0, 0 , 0, 0 , 0, 0 , 0, 0 , 0, 0 , 0, 0 , 0, 0 , 0, 0 , 0, 0 , 0, 0 , 0, 0 , 0, 1,1,1,1,1,1,1,1,1,1,1,1,1,1, 1, 1, 1, 1, 1, 1, 1, 1, 1, 1, 1, 1, 1, 1, 1, 1, 1, 1, 1, 1, 1, 1, 1, 1, 1, 1, 1, 1, 1, 1, 1, 1, 1, 1, 1, 1, 1, 1, 1, 1, 1, 1, 1, 1, 1, 1, 1, 1, 1, 1, 1, 1, 1, 1, 1, 1, 1, 1, 1, 1, 1, 1, 1, 1, 1, 1, 1, 1, 1, 1, 1, 1, 1, 1, 1, 1, 1, 1, 1, 1, 1, 1, 1, 1, 1, 1,1
1,18158513697556758526,31,576460754449793055,0,576460752805625867,0,576460754416238599,0,17365880161025621985,31,17365880161025621983,31,17365880161025621951,31,17365880161025621887,31,17365880161025621759,31,17365880156730654207,31,17365880156730653695,31,17365880156730652671,31,3458764730744647679,0,3458773251959758833,0,16167922673025748977,4,288230376152236036,0,17942340915443957759,31,17942340915443892223,31,18158513697557544959,31,18446744073709027327,31,32440351,0,17942340915441926143,31,576460760889102335,0,17942340915435634687,31,17942340915427246079,31,576460752335863839,0,576460752335863823,0,576460752335863823,0,576460752335863823,0,576460753409605643,0,576460752872734731,0,17365880158878138353,31,2179924479,0,17365880148136525809,31,3458764558945947647,0,3458764541766078449,0,3458764524586221553,0,3458764524586221553,0,1152923164639965169,0,1152921790250430449,0,1152921790250430449,0,1152925913419034609,0,1152950102674845681,0,1152925913419026417,0,1152925913419026417,0,1152921515372515313,0,1152921515372515313,0,2310065144630022129,3,2314428006769037299,3,16144700987447119859,3,11536955618693681139,3,6924143700359450611,3,16144560249958764531,3,16140901075261542387,4,16140901075261542389,4,6917529038406750197,0,786433,0,786433,0,557056,0,2146369551,0,2305983740287860721,0,15059896684902318065,31,11599583801011818495,7,6950743085658623991,7,16149767537027911671,2,16149767537027911667,1,16167922673025765361,0,2305843019979362289,16,2305843019979362289,8,8,0,0 , 0, 0 , 0, 0 , 0, 0 , 0, 0 , 0, 0 , 0, 0 , 0, 0 , 0, 0 , 0, 0 , 0, 0 , 0, 0 , 0, 0 , 0, 0 , 0, 0 , 0, 0 , 0, 0 , 0, 0 , 0, 0 , 0, 0 , 0, 0 , 0, 0 , 0, 0 , 0, 0 , 0, 0 , 0, 0 , 0, 0 , 0, 0 , 0, 0 , 0, 0 , 0, 1,1,1,1,1,1,1,1,1,1,1,1,1,1,1,1,1,1,1,1,1,1,1,1,1,1,1,1,1,1,1,1,1,1,1,1,1,1,1,1,1,1,1,1,1,1,1,1,1,1,1,1,1,1,1,1,1,1,1,1,1,1,1,1,1,1,1,1,1,1, 1, 1, 1, 1, 1, 1, 1, 1, 1, 1, 1, 1, 1, 1, 1, 1, 1, 1, 1, 1, 1, 1, 1, 1, 1, 1, 1, 1, 1, 1,1
1,65534,0,65533,0,65531,0,19559,0,21607,0,65503,0,65471,0,21607,0,21607,0,17511,0,64511,0,54383,0,28151,0,21607,0,49151,0,19559,0,0 , 0, 0 , 0, 0 , 0, 0 , 0, 0 , 0, 0 , 0, 0 , 0, 0 , 0, 0 , 0, 0 , 0, 0 , 0, 0 , 0, 0 , 0, 0 , 0, 0 , 0, 0 , 0, 0 , 0, 0 , 0, 0 , 0, 0 , 0, 0 , 0, 0 , 0, 0 , 0, 0 , 0, 0 , 0, 0 , 0, 0 , 0, 0 , 0, 0 , 0, 0 , 0, 0 , 0, 0 , 0, 0 , 0, 0 , 0, 0 , 0, 0 , 0, 0 , 0, 0 , 0, 0 , 0, 0 , 0, 0 , 0, 0 , 0, 0 , 0, 0 , 0, 0 , 0, 0 , 0, 0 , 0, 0 , 0, 0 , 0, 0 , 0, 0 , 0, 0 , 0, 0 , 0, 0 , 0, 0 , 0, 0 , 0, 0 , 0, 0 , 0, 0 , 0, 0 , 0, 0 , 0, 0 , 0, 0 , 0, 0 , 0, 0 , 0, 0 , 0, 0 , 0, 0 , 0, 0 , 0, 0 , 0, 0 , 0, 0 , 0, 0 , 0, 0 , 0, 0 , 0, 0 , 0, 0 , 0, 0 , 0, 0 , 0, 0 , 0, 0 , 0, 0 , 0, 0 , 0, 0 , 0, 1,1,1,1,1,1,1,1,1,1,1,1,1,1,1,1, 1, 1, 1, 1, 1, 1, 1, 1, 1, 1, 1, 1, 1, 1, 1, 1, 1, 1, 1, 1, 1, 1, 1, 1, 1, 1, 1, 1, 1, 1, 1, 1, 1, 1, 1, 1, 1, 1, 1, 1, 1, 1, 1, 1, 1, 1, 1, 1, 1, 1, 1, 1, 1, 1, 1, 1, 1, 1, 1, 1, 1, 1, 1, 1, 1, 1, 1, 1, 1, 1, 1, 1, 1, 1, 1, 1, 1, 1, 1, 1, 1, 1, 1, 1,1
1,144115188075855870,0,144115188075855869,0,144115188075855867,0,144115188075855863,0,73183219075234031,0,1125625037301983,0,1086317488318655,0,1125625030977663,0,71494918954036751,0,71494918954036495,0,71494918954035983,0,144115188075853823,0,72620543991375903,0,144115188075847679,0,72620543991363599,0,993958511519807,0,1068725302208767,0,1125625030781119,0,1125625030650047,0,1125625029339327,0,1125625029339327,0,1099511631980607,0,1029142885705791,0,562976897642255,0,562976897642255,0,71494918920482575,0,71494918886928143,0,27212656399,0,27078438671,0,26944220943,0,71494917880295183,0,21392125174230799,0,23643924987916047,0,71494910364102415,0,71494901774167823,0,23643924987916047,0,23643924987916047,0,19140325360545551,0,1125350153005247,0,1125075275098303,0,1124525519284415,0,1123426007656639,0,1121226984466687,0,1116828944279807,0,1108032844867839,0,1090440665114815,0,1055256288897279,0,984887548946687,0,844150060591359,0,72620296091205631,0,69806068129083151,0,59672724154363663,0,30399431803154191,0,23643924987916047,0,52917569526443791,0,21392125174230799,0,562949953452063,0,0 , 0, 0 , 0, 0 , 0, 0 , 0, 0 , 0, 0 , 0, 0 , 0, 0 , 0, 0 , 0, 0 , 0, 0 , 0, 0 , 0, 0 , 0, 0 , 0, 0 , 0, 0 , 0, 0 , 0, 0 , 0, 0 , 0, 0 , 0, 0 , 0, 0 , 0, 0 , 0, 0 , 0, 0 , 0, 0 , 0, 0 , 0, 0 , 0, 0 , 0, 0 , 0, 0 , 0, 0 , 0, 0 , 0, 0 , 0, 0 , 0, 0 , 0, 0 , 0, 0 , 0, 0 , 0, 0 , 0, 0 , 0, 0 , 0, 0 , 0, 1,1,1,1,1,1,1,1,1,1,1,1,1,1,1,1,1,1,1,1,1,1,1,1,1,1,1,1,1,1,1,1,1,1,1,1,1,1,1,1,1,1,1,1,1,1,1,1,1,1,1,1,1,1,1,1,1, 1, 1, 1, 1, 1, 1, 1, 1, 1, 1, 1, 1, 1, 1, 1, 1, 1, 1, 1, 1, 1, 1, 1, 1, 1, 1, 1, 1, 1, 1, 1, 1, 1, 1, 1, 1, 1, 1, 1, 1, 1, 1, 1,1
1,18446744073709551614,4095,18446744073709551615,4095,18446744073709551615,4095,8935141660836958207,63,8935141660769845375,63,4611686018428108927,57,8935141660719513663,63,9511602412872531775,4064,9511602412872531943,4064,30823906742247,1984,72057494180200391,2048,9367487125072903559,3072,31785979440519,2048,30823906745735,2048,31373662559623,2048,9476133304987225479,0,18446744073709486079,4095,18446744073709420543,4095,200703,32,4611686018427584639,56,8935141660717940863,63,8935141660716892287,63,8935141660706406527,63,8935141660706406527,63,33751103,62,16973887,58,196671,56,30824175174079,32,30824577827239,32,30824175174055,32,9511602411798790055,4064,9511602410725048295,4064,30832496676839,0,30828201705863,0,30823906738567,0,9511602378512793479,4064,30823906742247,192,30823906745799,2048,30823906745735,2048,30823906762119,2048,33022930029959,0,31923418369415,0,9511598014826020743,4064,9511593616779509735,4064,9511584820686487527,4064,72018049200525287,0,38205867623157127,0,71912496084258183,0,9511316577564462471,0,37713286413880711,0,70927333665738119,0,69168115061296519,0,66916315247611271,0,62412715620240775,0,53405516365499783,0,36024436553649543,0,9223684335738259847,0,312298883481991,0,8646911284567277663,63,8358680908415565951,63,7782220156112142463,63,6629298651505295487,63,4323455642292125823,63,72369892921412031,0,8935141660718989439,62,8935141660769321087,61,8935141660735766655,59,8935141660836954239,55,8935141660836954239,47,8935172485683282431,31,30892626215839,1920,30892626216839,1856,30823906740167,1728,30823906740167,1472,30823906742215,960,31785979445191,0,0 , 0, 0 , 0, 0 , 0, 0 , 0, 0 , 0, 0 , 0, 0 , 0, 0 , 0, 0 , 0, 0 , 0, 0 , 0, 0 , 0, 0 , 0, 0 , 0, 0 , 0, 0 , 0, 0 , 0, 0 , 0, 0 , 0, 0 , 0, 0 , 0, 0 , 0, 0 , 0, 0 , 0, 1,1,1,1,1,1,1,1,1,1,1,1,1,1,1,1,1,1,1,1,1,1,1,1,1,1,1,1,1,1,1,1,1,1,1,1,1,1,1,1,1,1,1,1,1,1,1,1,1,1,1,1,1,1,1,1,1,1,1,1,1,1,1,1,1,1,1,1,1,1,1,1,1,1,1,1, 1, 1, 1, 1, 1, 1, 1, 1, 1, 1, 1, 1, 1, 1, 1, 1, 1, 1, 1, 1, 1, 1, 1, 1,1
1,2097150,0,1573761,0,1573761,0,1573761,0,1573761,0,1573761,0,1573761,0,2097023,0,2096895,0,2096639,0,1573761,0,1573761,0,1573761,0,1573761,0,1573761,0,1573761,0,1573761,0,1573761,0,1573761,0,1572863,0,1048575,0,0 , 0, 0 , 0, 0 , 0, 0 , 0, 0 , 0, 0 , 0, 0 , 0, 0 , 0, 0 , 0, 0 , 0, 0 , 0, 0 , 0, 0 , 0, 0 , 0, 0 , 0, 0 , 0, 0 , 0, 0 , 0, 0 , 0, 0 , 0, 0 , 0, 0 , 0, 0 , 0, 0 , 0, 0 , 0, 0 , 0, 0 , 0, 0 , 0, 0 , 0, 0 , 0, 0 , 0, 0 , 0, 0 , 0, 0 , 0, 0 , 0, 0 , 0, 0 , 0, 0 , 0, 0 , 0, 0 , 0, 0 , 0, 0 , 0, 0 , 0, 0 , 0, 0 , 0, 0 , 0, 0 , 0, 0 , 0, 0 , 0, 0 , 0, 0 , 0, 0 , 0, 0 , 0, 0 , 0, 0 , 0, 0 , 0, 0 , 0, 0 , 0, 0 , 0, 0 , 0, 0 , 0, 0 , 0, 0 , 0, 0 , 0, 0 , 0, 0 , 0, 0 , 0, 0 , 0, 0 , 0, 0 , 0, 0 , 0, 0 , 0, 0 , 0, 0 , 0, 0 , 0, 0 , 0, 0 , 0, 0 , 0, 0 , 0, 1,1,1,1,1,1,1,1,1,1,1,1,1,1,1,1,1,1,1,1,1, 1, 1, 1, 1, 1, 1, 1, 1, 1, 1, 1, 1, 1, 1, 1, 1, 1, 1, 1, 1, 1, 1, 1, 1, 1, 1, 1, 1, 1, 1, 1, 1, 1, 1, 1, 1, 1, 1, 1, 1, 1, 1, 1, 1, 1, 1, 1, 1, 1, 1, 1, 1, 1, 1, 1, 1, 1, 1, 1, 1, 1, 1, 1, 1, 1, 1, 1, 1, 1, 1, 1, 1, 1, 1, 1, 1, 1, 1, 1,1
1,33822867454,0,3223322365,0,3221229059,0,3221229059,0,3221229059,0,3221229059,0,3221229059,0,3221229059,0,30064774657,0,34359737855,0,33554430975,0,33554429951,0,3221229059,0,3221229059,0,3221229059,0,3221229059,0,3221229059,0,3221229059,0,3221229059,0,3221229059,0,3221229059,0,30064774657,0,30324821505,0,30068968961,0,30303849985,0,30287072769,0,30253518337,0,13006540289,0,513,0,512,0,2149580543,0,1075838719,0,26036145921,0,21741178625,0,13017026305,0,0 , 0, 0 , 0, 0 , 0, 0 , 0, 0 , 0, 0 , 0, 0 , 0, 0 , 0, 0 , 0, 0 , 0, 0 , 0, 0 , 0, 0 , 0, 0 , 0, 0 , 0, 0 , 0, 0 , 0, 0 , 0, 0 , 0, 0 , 0, 0 , 0, 0 , 0, 0 , 0, 0 , 0, 0 , 0, 0 , 0, 0 , 0, 0 , 0, 0 , 0, 0 , 0, 0 , 0, 0 , 0, 0 , 0, 0 , 0, 0 , 0, 0 , 0, 0 , 0, 0 , 0, 0 , 0, 0 , 0, 0 , 0, 0 , 0, 0 , 0, 0 , 0, 0 , 0, 0 , 0, 0 , 0, 0 , 0, 0 , 0, 0 , 0, 0 , 0, 0 , 0, 0 , 0, 0 , 0, 0 , 0, 0 , 0, 0 , 0, 0 , 0, 0 , 0, 0 , 0, 0 , 0, 0 , 0, 0 , 0, 0 , 0, 0 , 0, 1,1,1,1,1,1,1,1,1,1,1,1,1,1,1,1,1,1,1,1,1,1,1,1,1,1,1,1,1,1,1,1,1,1,1, 1, 1, 1, 1, 1, 1, 1, 1, 1, 1, 1, 1, 1, 1, 1, 1, 1, 1, 1, 1, 1, 1, 1, 1, 1, 1, 1, 1, 1, 1, 1, 1, 1, 1, 1, 1, 1, 1, 1, 1, 1, 1, 1, 1, 1, 1, 1, 1, 1, 1, 1, 1, 1, 1, 1, 1, 1, 1, 1, 1, 1, 1, 1, 1, 1,1
1,207232180162,0,207232176577,0,67645505784,0,67628957812,0,67628957804,0,32447135836,0,274877906879,0,207236888391,0,207232177859,0,137438954945,0,137438954433,0,65,0,207232172483,0,4194496,0,4227264,0,4669636,0,4620480,0,4554944,0,8093892,0,5505092,0,4980804,0,4456516,0,4186308,0,17179869252,0,32480690268,0,19394461820,0,19360907388,0,32212254844,0,32229032028,0,21474836572,0,206158434755,0,30584864892,0,28873588860,0,24041750652,0,50457477244,0,17179869276,0,138512699843,0,69793224643,0,0 , 0, 0 , 0, 0 , 0, 0 , 0, 0 , 0, 0 , 0, 0 , 0, 0 , 0, 0 , 0, 0 , 0, 0 , 0, 0 , 0, 0 , 0, 0 , 0, 0 , 0, 0 , 0, 0 , 0, 0 , 0, 0 , 0, 0 , 0, 0 , 0, 0 , 0, 0 , 0, 0 , 0, 0 , 0, 0 , 0, 0 , 0, 0 , 0, 0 , 0, 0 , 0, 0 , 0, 0 , 0, 0 , 0, 0 , 0, 0 , 0, 0 , 0, 0 , 0, 0 , 0, 0 , 0, 0 , 0, 0 , 0, 0 , 0, 0 , 0, 0 , 0, 0 , 0, 0 , 0, 0 , 0, 0 , 0, 0 , 0, 0 , 0, 0 , 0, 0 , 0, 0 , 0, 0 , 0, 0 , 0, 0 , 0, 0 , 0, 0 , 0, 0 , 0, 0 , 0, 0 , 0, 0 , 0, 1,1,1,1,1,1,1,1,1,1,1,1,1,1,1,1,1,1,1,1,1,1,1,1,1,1,1,1,1,1,1,1,1,1,1,1,1,1, 1, 1, 1, 1, 1, 1, 1, 1, 1, 1, 1, 1, 1, 1, 1, 1, 1, 1, 1, 1, 1, 1, 1, 1, 1, 1, 1, 1, 1, 1, 1, 1, 1, 1, 1, 1, 1, 1, 1, 1, 1, 1, 1, 1, 1, 1, 1, 1, 1, 1, 1, 1, 1, 1, 1, 1, 1, 1, 1, 1, 1, 1,1
1,270094,0,270093,0,266507,0,393207,0,104,0,216,0,56,0,40,0,269839,0,267,0,267,0,267,0,262415,0,49160,0,8200,0,8200,0,8,0,0,0,4367,0,0,0,0 , 0, 0 , 0, 0 , 0, 0 , 0, 0 , 0, 0 , 0, 0 , 0, 0 , 0, 0 , 0, 0 , 0, 0 , 0, 0 , 0, 0 , 0, 0 , 0, 0 , 0, 0 , 0, 0 , 0, 0 , 0, 0 , 0, 0 , 0, 0 , 0, 0 , 0, 0 , 0, 0 , 0, 0 , 0, 0 , 0, 0 , 0, 0 , 0, 0 , 0, 0 , 0, 0 , 0, 0 , 0, 0 , 0, 0 , 0, 0 , 0, 0 , 0, 0 , 0, 0 , 0, 0 , 0, 0 , 0, 0 , 0, 0 , 0, 0 , 0, 0 , 0, 0 , 0, 0 , 0, 0 , 0, 0 , 0, 0 , 0, 0 , 0, 0 , 0, 0 , 0, 0 , 0, 0 , 0, 0 , 0, 0 , 0, 0 , 0, 0 , 0, 0 , 0, 0 , 0, 0 , 0, 0 , 0, 0 , 0, 0 , 0, 0 , 0, 0 , 0, 0 , 0, 0 , 0, 0 , 0, 0 , 0, 0 , 0, 0 , 0, 0 , 0, 0 , 0, 0 , 0, 0 , 0, 0 , 0, 0 , 0, 0 , 0, 0 , 0, 1,1,1,1,1,1,1,1,1,1,1,1,1,1,1,1,1,1,1,1, 1, 1, 1, 1, 1, 1, 1, 1, 1, 1, 1, 1, 1, 1, 1, 1, 1, 1, 1, 1, 1, 1, 1, 1, 1, 1, 1, 1, 1, 1, 1, 1, 1, 1, 1, 1, 1, 1, 1, 1, 1, 1, 1, 1, 1, 1, 1, 1, 1, 1, 1, 1, 1, 1, 1, 1, 1, 1, 1, 1, 1, 1, 1, 1, 1, 1, 1, 1, 1, 1, 1, 1, 1, 1, 1, 1, 1, 1, 1, 1,1
1,524286,0,522749,0,522747,0,457207,0,524271,0,524255,0,524223,0,524159,0,524031,0,131569,0,393713,0,520703,0,403967,0,383487,0,272895,0,272895,0,272887,0,270335,0,261631,0,0 , 0, 0 , 0, 0 , 0, 0 , 0, 0 , 0, 0 , 0, 0 , 0, 0 , 0, 0 , 0, 0 , 0, 0 , 0, 0 , 0, 0 , 0, 0 , 0, 0 , 0, 0 , 0, 0 , 0, 0 , 0, 0 , 0, 0 , 0, 0 , 0, 0 , 0, 0 , 0, 0 , 0, 0 , 0, 0 , 0, 0 , 0, 0 , 0, 0 , 0, 0 , 0, 0 , 0, 0 , 0, 0 , 0, 0 , 0, 0 , 0, 0 , 0, 0 , 0, 0 , 0, 0 , 0, 0 , 0, 0 , 0, 0 , 0, 0 , 0, 0 , 0, 0 , 0, 0 , 0, 0 , 0, 0 , 0, 0 , 0, 0 , 0, 0 , 0, 0 , 0, 0 , 0, 0 , 0, 0 , 0, 0 , 0, 0 , 0, 0 , 0, 0 , 0, 0 , 0, 0 , 0, 0 , 0, 0 , 0, 0 , 0, 0 , 0, 0 , 0, 0 , 0, 0 , 0, 0 , 0, 0 , 0, 0 , 0, 0 , 0, 0 , 0, 0 , 0, 0 , 0, 0 , 0, 0 , 0, 0 , 0, 0 , 0, 0 , 0, 0 , 0, 1,1,1,1,1,1,1,1,1,1,1,1,1,1,1,1,1,1,1, 1, 1, 1, 1, 1, 1, 1, 1, 1, 1, 1, 1, 1, 1, 1, 1, 1, 1, 1, 1, 1, 1, 1, 1, 1, 1, 1, 1, 1, 1, 1, 1, 1, 1, 1, 1, 1, 1, 1, 1, 1, 1, 1, 1, 1, 1, 1, 1, 1, 1, 1, 1, 1, 1, 1, 1, 1, 1, 1, 1, 1, 1, 1, 1, 1, 1, 1, 1, 1, 1, 1, 1, 1, 1, 1, 1, 1, 1, 1, 1, 1,1
1,8388606,0,8386557,0,2099171,0,2357235,0,2226155,0,8388575,0,8388543,0,8388479,0,8388351,0,8388095,0,8385535,0,1049569,0,2353147,0,251899,0,14331,0,14331,0,14331,0,14315,0,5769187,0,5507043,0,7081955,0,1054719,0,1837027,0,0 , 0, 0 , 0, 0 , 0, 0 , 0, 0 , 0, 0 , 0, 0 , 0, 0 , 0, 0 , 0, 0 , 0, 0 , 0, 0 , 0, 0 , 0, 0 , 0, 0 , 0, 0 , 0, 0 , 0, 0 , 0, 0 , 0, 0 , 0, 0 , 0, 0 , 0, 0 , 0, 0 , 0, 0 , 0, 0 , 0, 0 , 0, 0 , 0, 0 , 0, 0 , 0, 0 , 0, 0 , 0, 0 , 0, 0 , 0, 0 , 0, 0 , 0, 0 , 0, 0 , 0, 0 , 0, 0 , 0, 0 , 0, 0 , 0, 0 , 0, 0 , 0, 0 , 0, 0 , 0, 0 , 0, 0 , 0, 0 , 0, 0 , 0, 0 , 0, 0 , 0, 0 , 0, 0 , 0, 0 , 0, 0 , 0, 0 , 0, 0 , 0, 0 , 0, 0 , 0, 0 , 0, 0 , 0, 0 , 0, 0 , 0, 0 , 0, 0 , 0, 0 , 0, 0 , 0, 0 , 0, 0 , 0, 0 , 0, 0 , 0, 0 , 0, 0 , 0, 0 , 0, 0 , 0, 0 , 0, 1,1,1,1,1,1,1,1,1,1,1,1,1,1,1,1,1,1,1,1,1,1,1, 1, 1, 1, 1, 1, 1, 1, 1, 1, 1, 1, 1, 1, 1, 1, 1, 1, 1, 1, 1, 1, 1, 1, 1, 1, 1, 1, 1, 1, 1, 1, 1, 1, 1, 1, 1, 1, 1, 1, 1, 1, 1, 1, 1, 1, 1, 1, 1, 1, 1, 1, 1, 1, 1, 1, 1, 1, 1, 1, 1, 1, 1, 1, 1, 1, 1, 1, 1, 1, 1, 1, 1, 1, 1, 1, 1, 1,1
1,33554302,0,33554301,0,33030011,0,33554295,0,33554415,0,33554399,0,33554367,0,1904,0,33554175,0,33553919,0,33553407,0,33552255,0,33550207,0,33546111,0,32751487,0,32735103,0,32702335,0,32636799,0,32522111,0,15744891,0,32505727,0,31457151,0,29359999,0,25165695,0,16252799,0,0 , 0, 0 , 0, 0 , 0, 0 , 0, 0 , 0, 0 , 0, 0 , 0, 0 , 0, 0 , 0, 0 , 0, 0 , 0, 0 , 0, 0 , 0, 0 , 0, 0 , 0, 0 , 0, 0 , 0, 0 , 0, 0 , 0, 0 , 0, 0 , 0, 0 , 0, 0 , 0, 0 , 0, 0 , 0, 0 , 0, 0 , 0, 0 , 0, 0 , 0, 0 , 0, 0 , 0, 0 , 0, 0 , 0, 0 , 0, 0 , 0, 0 , 0, 0 , 0, 0 , 0, 0 , 0, 0 , 0, 0 , 0, 0 , 0, 0 , 0, 0 , 0, 0 , 0, 0 , 0, 0 , 0, 0 , 0, 0 , 0, 0 , 0, 0 , 0, 0 , 0, 0 , 0, 0 , 0, 0 , 0, 0 , 0, 0 , 0, 0 , 0, 0 , 0, 0 , 0, 0 , 0, 0 , 0, 0 , 0, 0 , 0, 0 , 0, 0 , 0, 0 , 0, 0 , 0, 0 , 0, 0 , 0, 0 , 0, 0 , 0, 0 , 0, 0 , 0, 0 , 0, 1,1,1,1,1,1,1,1,1,1,1,1,1,1,1,1,1,1,1,1,1,1,1,1,1, 1, 1, 1, 1, 1, 1, 1, 1, 1, 1, 1, 1, 1, 1, 1, 1, 1, 1, 1, 1, 1, 1, 1, 1, 1, 1, 1, 1, 1, 1, 1, 1, 1, 1, 1, 1, 1, 1, 1, 1, 1, 1, 1, 1, 1, 1, 1, 1, 1, 1, 1, 1, 1, 1, 1, 1, 1, 1, 1, 1, 1, 1, 1, 1, 1, 1, 1, 1, 1, 1, 1, 1, 1, 1, 1,1
