1,487452,0,66121788,0,66580539,0,219077691277303,0,219077690261487,0,219077687672798,0,219902258479032,0,219077423427448,0,219077423427320,0,211107574735352,0,268462584,0,268461560,0,267903103,0,219077691301887,0,219352569200639,0,28694,0,159773,0,94237,0,28701,0,0,0,28686,0,28702,0,25194558,0,54554686,0,12611646,0,8417342,0,134246520,0,67137656,0,219077154992120,0,70370086380024,0,70369549509624,0,13153362424,0,2415944184,0,2415944184,0,268460536,0,68987937272,0,34628198904,0,268460536,0,16448,0,64,0,268460536,0,268460536,0,268460536,0,0,0,0,0,0,0,140739367429112,0,70369012638712,0,0 , 0, 0 , 0, 0 , 0, 0 , 0, 0 , 0, 0 , 0, 0 , 0, 0 , 0, 0 , 0, 0 , 0, 0 , 0, 0 , 0, 0 , 0, 0 , 0, 0 , 0, 0 , 0, 0 , 0, 0 , 0, 0 , 0, 0 , 0, 0 , 0, 0 , 0, 0 , 0, 0 , 0, 0 , 0, 0 , 0, 0 , 0, 0 , 0, 0 , 0, 0 , 0, 0 , 0, 0 , 0, 0 , 0, 0 , 0, 0 , 0, 0 , 0, 0 , 0, 0 , 0, 0 , 0, 0 , 0, 0 , 0, 0 , 0, 0 , 0, 0 , 0, 0 , 0, 0 , 0, 0 , 0, 0 , 0, 0 , 0, 0 , 0, 0 , 0, 0 , 0, 1,1,1,1,1,1,1,1,1,1,1,1,1,1,1,1,1,1,1,1,1,1,1,1,1,1,1,1,1,1,1,1,1,1,1,1,1,1,1,1,1,1,1,1,1,1,1,1, 1, 1, 1, 1, 1, 1, 1, 1, 1, 1, 1, 1, 1, 1, 1, 1, 1, 1, 1, 1, 1, 1, 1, 1, 1, 1, 1, 1, 1, 1, 1, 1, 1, 1, 1, 1, 1, 1, 1, 1, 1, 1, 1, 1, 1, 1, 1, 1, 1, 1, 1, 1,1
1,5385482254,0,4298149901,0,5922357243,0,6039797751,0,536871052,0,12,0,12,0,536870940,0,12,0,12,0,12,0,12,0,5385478159,0,1085453,0,1085453,0,5385449487,0,1085453,0,1085453,0,1085453,0,1085453,0,5384433679,0,4308635663,0,4298149901,0,4298149901,0,8,0,8,0,8,0,4294967296,0,0,0,156,0,1085453,0,4294967296,0,2297466895,0,0 , 0, 0 , 0, 0 , 0, 0 , 0, 0 , 0, 0 , 0, 0 , 0, 0 , 0, 0 , 0, 0 , 0, 0 , 0, 0 , 0, 0 , 0, 0 , 0, 0 , 0, 0 , 0, 0 , 0, 0 , 0, 0 , 0, 0 , 0, 0 , 0, 0 , 0, 0 , 0, 0 , 0, 0 , 0, 0 , 0, 0 , 0, 0 , 0, 0 , 0, 0 , 0, 0 , 0, 0 , 0, 0 , 0, 0 , 0, 0 , 0, 0 , 0, 0 , 0, 0 , 0, 0 , 0, 0 , 0, 0 , 0, 0 , 0, 0 , 0, 0 , 0, 0 , 0, 0 , 0, 0 , 0, 0 , 0, 0 , 0, 0 , 0, 0 , 0, 0 , 0, 0 , 0, 0 , 0, 0 , 0, 0 , 0, 0 , 0, 0 , 0, 0 , 0, 0 , 0, 0 , 0, 0 , 0, 0 , 0, 0 , 0, 0 , 0, 0 , 0, 0 , 0, 1,1,1,1,1,1,1,1,1,1,1,1,1,1,1,1,1,1,1,1,1,1,1,1,1,1,1,1,1,1,1,1,1, 1, 1, 1, 1, 1, 1, 1, 1, 1, 1, 1, 1, 1, 1, 1, 1, 1, 1, 1, 1, 1, 1, 1, 1, 1, 1, 1, 1, 1, 1, 1, 1, 1, 1, 1, 1, 1, 1, 1, 1, 1, 1, 1, 1, 1, 1, 1, 1, 1, 1, 1, 1, 1, 1, 1, 1, 1, 1, 1, 1, 1, 1, 1, 1, 1, 1, 1,1
1,3688966,0,285212669,0,402653179,0,758,0,14,0,78,0,686,0,590,0,518,0,285212111,0,518,0,285209095,0,543238,0,543238,0,285194759,0,543238,0,543238,0,543238,0,543238,0,284686855,0,552094215,0,14174727,0,3688966,0,3688966,0,4,0,4,0,4,0,0,0,543238,0,1048576,0,0 , 0, 0 , 0, 0 , 0, 0 , 0, 0 , 0, 0 , 0, 0 , 0, 0 , 0, 0 , 0, 0 , 0, 0 , 0, 0 , 0, 0 , 0, 0 , 0, 0 , 0, 0 , 0, 0 , 0, 0 , 0, 0 , 0, 0 , 0, 0 , 0, 0 , 0, 0 , 0, 0 , 0, 0 , 0, 0 , 0, 0 , 0, 0 , 0, 0 , 0, 0 , 0, 0 , 0, 0 , 0, 0 , 0, 0 , 0, 0 , 0, 0 , 0, 0 , 0, 0 , 0, 0 , 0, 0 , 0, 0 , 0, 0 , 0, 0 , 0, 0 , 0, 0 , 0, 0 , 0, 0 , 0, 0 , 0, 0 , 0, 0 , 0, 0 , 0, 0 , 0, 0 , 0, 0 , 0, 0 , 0, 0 , 0, 0 , 0, 0 , 0, 0 , 0, 0 , 0, 0 , 0, 0 , 0, 0 , 0, 0 , 0, 0 , 0, 0 , 0, 0 , 0, 0 , 0, 0 , 0, 0 , 0, 1,1,1,1,1,1,1,1,1,1,1,1,1,1,1,1,1,1,1,1,1,1,1,1,1,1,1,1,1,1, 1, 1, 1, 1, 1, 1, 1, 1, 1, 1, 1, 1, 1, 1, 1, 1, 1, 1, 1, 1, 1, 1, 1, 1, 1, 1, 1, 1, 1, 1, 1, 1, 1, 1, 1, 1, 1, 1, 1, 1, 1, 1, 1, 1, 1, 1, 1, 1, 1, 1, 1, 1, 1, 1, 1, 1, 1, 1, 1, 1, 1, 1, 1, 1, 1, 1, 1, 1, 1, 1,1
1,2097150,0,2809,0,787441,0,7155,0,999407,0,1015775,0,2097087,0,2097023,0,986877,0,998911,0,1009,0,5115,0,2809,0,131825,0,225,0,1048769,0,132081,0,74737,0,525301,0,263157,0,32961,0,0 , 0, 0 , 0, 0 , 0, 0 , 0, 0 , 0, 0 , 0, 0 , 0, 0 , 0, 0 , 0, 0 , 0, 0 , 0, 0 , 0, 0 , 0, 0 , 0, 0 , 0, 0 , 0, 0 , 0, 0 , 0, 0 , 0, 0 , 0, 0 , 0, 0 , 0, 0 , 0, 0 , 0, 0 , 0, 0 , 0, 0 , 0, 0 , 0, 0 , 0, 0 , 0, 0 , 0, 0 , 0, 0 , 0, 0 , 0, 0 , 0, 0 , 0, 0 , 0, 0 , 0, 0 , 0, 0 , 0, 0 , 0, 0 , 0, 0 , 0, 0 , 0, 0 , 0, 0 , 0, 0 , 0, 0 , 0, 0 , 0, 0 , 0, 0 , 0, 0 , 0, 0 , 0, 0 , 0, 0 , 0, 0 , 0, 0 , 0, 0 , 0, 0 , 0, 0 , 0, 0 , 0, 0 , 0, 0 , 0, 0 , 0, 0 , 0, 0 , 0, 0 , 0, 0 , 0, 0 , 0, 0 , 0, 0 , 0, 0 , 0, 0 , 0, 0 , 0, 0 , 0, 0 , 0, 0 , 0, 0 , 0, 0 , 0, 1,1,1,1,1,1,1,1,1,1,1,1,1,1,1,1,1,1,1,1,1, 1, 1, 1, 1, 1, 1, 1, 1, 1, 1, 1, 1, 1, 1, 1, 1, 1, 1, 1, 1, 1, 1, 1, 1, 1, 1, 1, 1, 1, 1, 1, 1, 1, 1, 1, 1, 1, 1, 1, 1, 1, 1, 1, 1, 1, 1, 1, 1, 1, 1, 1, 1, 1, 1, 1, 1, 1, 1, 1, 1, 1, 1, 1, 1, 1, 1, 1, 1, 1, 1, 1, 1, 1, 1, 1, 1, 1, 1, 1,1
1,5335285374,0,7483686781,0,8564768763,0,6416367351,0,5335187055,0,5335285343,0,8564768703,0,4296023628,0,4295106118,0,8589934079,0,8589933567,0,8564766719,0,8564764671,0,5335277183,0,5335268991,0,4831870575,0,4966088303,0,4294975302,0,4294975046,0,4294975046,0,4294975180,0,4294975052,0,4294975052,0,1536,0,1536,0,5033197183,0,4999642751,0,5201034879,0,671121023,0,4798414463,0,4294975052,0,4294975046,0,4001366015,0,0 , 0, 0 , 0, 0 , 0, 0 , 0, 0 , 0, 0 , 0, 0 , 0, 0 , 0, 0 , 0, 0 , 0, 0 , 0, 0 , 0, 0 , 0, 0 , 0, 0 , 0, 0 , 0, 0 , 0, 0 , 0, 0 , 0, 0 , 0, 0 , 0, 0 , 0, 0 , 0, 0 , 0, 0 , 0, 0 , 0, 0 , 0, 0 , 0, 0 , 0, 0 , 0, 0 , 0, 0 , 0, 0 , 0, 0 , 0, 0 , 0, 0 , 0, 0 , 0, 0 , 0, 0 , 0, 0 , 0, 0 , 0, 0 , 0, 0 , 0, 0 , 0, 0 , 0, 0 , 0, 0 , 0, 0 , 0, 0 , 0, 0 , 0, 0 , 0, 0 , 0, 0 , 0, 0 , 0, 0 , 0, 0 , 0, 0 , 0, 0 , 0, 0 , 0, 0 , 0, 0 , 0, 0 , 0, 0 , 0, 0 , 0, 0 , 0, 0 , 0, 0 , 0, 1,1,1,1,1,1,1,1,1,1,1,1,1,1,1,1,1,1,1,1,1,1,1,1,1,1,1,1,1,1,1,1,1, 1, 1, 1, 1, 1, 1, 1, 1, 1, 1, 1, 1, 1, 1, 1, 1, 1, 1, 1, 1, 1, 1, 1, 1, 1, 1, 1, 1, 1, 1, 1, 1, 1, 1, 1, 1, 1, 1, 1, 1, 1, 1, 1, 1, 1, 1, 1, 1, 1, 1, 1, 1, 1, 1, 1, 1, 1, 1, 1, 1, 1, 1, 1, 1, 1, 1, 1,1
1,493534,0,491981,0,493515,0,493511,0,293089,0,266448,0,524223,0,524159,0,493263,0,393677,0,426445,0,262352,0,262384,0,278736,0,270544,0,460239,0,426447,0,362447,0,262143,0,0 , 0, 0 , 0, 0 , 0, 0 , 0, 0 , 0, 0 , 0, 0 , 0, 0 , 0, 0 , 0, 0 , 0, 0 , 0, 0 , 0, 0 , 0, 0 , 0, 0 , 0, 0 , 0, 0 , 0, 0 , 0, 0 , 0, 0 , 0, 0 , 0, 0 , 0, 0 , 0, 0 , 0, 0 , 0, 0 , 0, 0 , 0, 0 , 0, 0 , 0, 0 , 0, 0 , 0, 0 , 0, 0 , 0, 0 , 0, 0 , 0, 0 , 0, 0 , 0, 0 , 0, 0 , 0, 0 , 0, 0 , 0, 0 , 0, 0 , 0, 0 , 0, 0 , 0, 0 , 0, 0 , 0, 0 , 0, 0 , 0, 0 , 0, 0 , 0, 0 , 0, 0 , 0, 0 , 0, 0 , 0, 0 , 0, 0 , 0, 0 , 0, 0 , 0, 0 , 0, 0 , 0, 0 , 0, 0 , 0, 0 , 0, 0 , 0, 0 , 0, 0 , 0, 0 , 0, 0 , 0, 0 , 0, 0 , 0, 0 , 0, 0 , 0, 0 , 0, 0 , 0, 0 , 0, 0 , 0, 0 , 0, 0 , 0, 0 , 0, 0 , 0, 1,1,1,1,1,1,1,1,1,1,1,1,1,1,1,1,1,1,1, 1, 1, 1, 1, 1, 1, 1, 1, 1, 1, 1, 1, 1, 1, 1, 1, 1, 1, 1, 1, 1, 1, 1, 1, 1, 1, 1, 1, 1, 1, 1, 1, 1, 1, 1, 1, 1, 1, 1, 1, 1, 1, 1, 1, 1, 1, 1, 1, 1, 1, 1, 1, 1, 1, 1, 1, 1, 1, 1, 1, 1, 1, 1, 1, 1, 1, 1, 1, 1, 1, 1, 1, 1, 1, 1, 1, 1, 1, 1, 1, 1,1
1,6549454,0,6549453,0,6295499,0,6549447,0,5509216,0,6033488,0,7860159,0,2097231,0,6291535,0,6291535,0,6291535,0,6291535,0,5242928,0,2342987,0,2334795,0,2318411,0,2285643,0,2220107,0,5242992,0,4194336,0,4460656,0,4452303,0,3940223,0,0 , 0, 0 , 0, 0 , 0, 0 , 0, 0 , 0, 0 , 0, 0 , 0, 0 , 0, 0 , 0, 0 , 0, 0 , 0, 0 , 0, 0 , 0, 0 , 0, 0 , 0, 0 , 0, 0 , 0, 0 , 0, 0 , 0, 0 , 0, 0 , 0, 0 , 0, 0 , 0, 0 , 0, 0 , 0, 0 , 0, 0 , 0, 0 , 0, 0 , 0, 0 , 0, 0 , 0, 0 , 0, 0 , 0, 0 , 0, 0 , 0, 0 , 0, 0 , 0, 0 , 0, 0 , 0, 0 , 0, 0 , 0, 0 , 0, 0 , 0, 0 , 0, 0 , 0, 0 , 0, 0 , 0, 0 , 0, 0 , 0, 0 , 0, 0 , 0, 0 , 0, 0 , 0, 0 , 0, 0 , 0, 0 , 0, 0 , 0, 0 , 0, 0 , 0, 0 , 0, 0 , 0, 0 , 0, 0 , 0, 0 , 0, 0 , 0, 0 , 0, 0 , 0, 0 , 0, 0 , 0, 0 , 0, 0 , 0, 0 , 0, 0 , 0, 0 , 0, 0 , 0, 0 , 0, 0 , 0, 1,1,1,1,1,1,1,1,1,1,1,1,1,1,1,1,1,1,1,1,1,1,1, 1, 1, 1, 1, 1, 1, 1, 1, 1, 1, 1, 1, 1, 1, 1, 1, 1, 1, 1, 1, 1, 1, 1, 1, 1, 1, 1, 1, 1, 1, 1, 1, 1, 1, 1, 1, 1, 1, 1, 1, 1, 1, 1, 1, 1, 1, 1, 1, 1, 1, 1, 1, 1, 1, 1, 1, 1, 1, 1, 1, 1, 1, 1, 1, 1, 1, 1, 1, 1, 1, 1, 1, 1, 1, 1, 1, 1,1
1,1703934,0,2097149,0,1638395,0,7,0,39,0,23,0,1048583,0,1048839,0,647,0,1287,0,2567,0,5127,0,10247,0,20487,0,8199,0,7,0,3,0,262146,0,131074,0,7,0,199,0,0 , 0, 0 , 0, 0 , 0, 0 , 0, 0 , 0, 0 , 0, 0 , 0, 0 , 0, 0 , 0, 0 , 0, 0 , 0, 0 , 0, 0 , 0, 0 , 0, 0 , 0, 0 , 0, 0 , 0, 0 , 0, 0 , 0, 0 , 0, 0 , 0, 0 , 0, 0 , 0, 0 , 0, 0 , 0, 0 , 0, 0 , 0, 0 , 0, 0 , 0, 0 , 0, 0 , 0, 0 , 0, 0 , 0, 0 , 0, 0 , 0, 0 , 0, 0 , 0, 0 , 0, 0 , 0, 0 , 0, 0 , 0, 0 , 0, 0 , 0, 0 , 0, 0 , 0, 0 , 0, 0 , 0, 0 , 0, 0 , 0, 0 , 0, 0 , 0, 0 , 0, 0 , 0, 0 , 0, 0 , 0, 0 , 0, 0 , 0, 0 , 0, 0 , 0, 0 , 0, 0 , 0, 0 , 0, 0 , 0, 0 , 0, 0 , 0, 0 , 0, 0 , 0, 0 , 0, 0 , 0, 0 , 0, 0 , 0, 0 , 0, 0 , 0, 0 , 0, 0 , 0, 0 , 0, 0 , 0, 0 , 0, 0 , 0, 1,1,1,1,1,1,1,1,1,1,1,1,1,1,1,1,1,1,1,1,1, 1, 1, 1, 1, 1, 1, 1, 1, 1, 1, 1, 1, 1, 1, 1, 1, 1, 1, 1, 1, 1, 1, 1, 1, 1, 1, 1, 1, 1, 1, 1, 1, 1, 1, 1, 1, 1, 1, 1, 1, 1, 1, 1, 1, 1, 1, 1, 1, 1, 1, 1, 1, 1, 1, 1, 1, 1, 1, 1, 1, 1, 1, 1, 1, 1, 1, 1, 1, 1, 1, 1, 1, 1, 1, 1, 1, 1, 1, 1,1
1,127228,0,69628,0,131067,0,81911,0,81903,0,81887,0,131007,0,81023,0,66174,0,65918,0,254,0,254,0,8445,0,4349,0,98373,0,16453,0,17407,0,0 , 0, 0 , 0, 0 , 0, 0 , 0, 0 , 0, 0 , 0, 0 , 0, 0 , 0, 0 , 0, 0 , 0, 0 , 0, 0 , 0, 0 , 0, 0 , 0, 0 , 0, 0 , 0, 0 , 0, 0 , 0, 0 , 0, 0 , 0, 0 , 0, 0 , 0, 0 , 0, 0 , 0, 0 , 0, 0 , 0, 0 , 0, 0 , 0, 0 , 0, 0 , 0, 0 , 0, 0 , 0, 0 , 0, 0 , 0, 0 , 0, 0 , 0, 0 , 0, 0 , 0, 0 , 0, 0 , 0, 0 , 0, 0 , 0, 0 , 0, 0 , 0, 0 , 0, 0 , 0, 0 , 0, 0 , 0, 0 , 0, 0 , 0, 0 , 0, 0 , 0, 0 , 0, 0 , 0, 0 , 0, 0 , 0, 0 , 0, 0 , 0, 0 , 0, 0 , 0, 0 , 0, 0 , 0, 0 , 0, 0 , 0, 0 , 0, 0 , 0, 0 , 0, 0 , 0, 0 , 0, 0 , 0, 0 , 0, 0 , 0, 0 , 0, 0 , 0, 0 , 0, 0 , 0, 0 , 0, 0 , 0, 0 , 0, 0 , 0, 0 , 0, 0 , 0, 0 , 0, 1,1,1,1,1,1,1,1,1,1,1,1,1,1,1,1,1, 1, 1, 1, 1, 1, 1, 1, 1, 1, 1, 1, 1, 1, 1, 1, 1, 1, 1, 1, 1, 1, 1, 1, 1, 1, 1, 1, 1, 1, 1, 1, 1, 1, 1, 1, 1, 1, 1, 1, 1, 1, 1, 1, 1, 1, 1, 1, 1, 1, 1, 1, 1, 1, 1, 1, 1, 1, 1, 1, 1, 1, 1, 1, 1, 1, 1, 1, 1, 1, 1, 1, 1, 1, 1, 1, 1, 1, 1, 1, 1, 1, 1, 1,1
1,1168247881238,0,1168365190685,0,1168359152155,0,68845423126,0,1168241711631,0,962072789504,0,1073857024,0,1151051350784,0,1151051350656,0,2164663516671,0,1168239491587,0,1168365319711,0,1168247877143,0,1168239484419,0,2164663500799,0,2164662566911,0,2164662534143,0,32257,0,1099512184323,0,1099511922179,0,1099511758339,0,1168235429399,0,1168233332227,0,1168231225887,0,68820257294,0,68736371214,0,68736371214,0,137707504128,0,137573286400,0,115200,0,115264,0,115200,0,115200,0,115200,0,115584,0,384,0,1099643878943,0,825036489248,0,687194882592,0,412316975648,0,68736122775,0,0 , 0, 0 , 0, 0 , 0, 0 , 0, 0 , 0, 0 , 0, 0 , 0, 0 , 0, 0 , 0, 0 , 0, 0 , 0, 0 , 0, 0 , 0, 0 , 0, 0 , 0, 0 , 0, 0 , 0, 0 , 0, 0 , 0, 0 , 0, 0 , 0, 0 , 0, 0 , 0, 0 , 0, 0 , 0, 0 , 0, 0 , 0, 0 , 0, 0 , 0, 0 , 0, 0 , 0, 0 , 0, 0 , 0, 0 , 0, 0 , 0, 0 , 0, 0 , 0, 0 , 0, 0 , 0, 0 , 0, 0 , 0, 0 , 0, 0 , 0, 0 , 0, 0 , 0, 0 , 0, 0 , 0, 0 , 0, 0 , 0, 0 , 0, 0 , 0, 0 , 0, 0 , 0, 0 , 0, 0 , 0, 0 , 0, 0 , 0, 0 , 0, 0 , 0, 1,1,1,1,1,1,1,1,1,1,1,1,1,1,1,1,1,1,1,1,1,1,1,1,1,1,1,1,1,1,1,1,1,1,1,1,1,1,1,1,1, 1, 1, 1, 1, 1, 1, 1, 1, 1, 1, 1, 1, 1, 1, 1, 1, 1, 1, 1, 1, 1, 1, 1, 1, 1, 1, 1, 1, 1, 1, 1, 1, 1, 1, 1, 1, 1, 1, 1, 1, 1, 1, 1, 1, 1, 1, 1, 1, 1, 1, 1, 1, 1, 1, 1, 1, 1, 1, 1,1
1,524030,0,1217,0,2241,0,397553,0,397545,0,266457,0,401343,0,524159,0,262336,0,193,0,195,0,197,0,393465,0,49281,0,303233,0,286849,0,262273,0,266457,0,250361,0,0 , 0, 0 , 0, 0 , 0, 0 , 0, 0 , 0, 0 , 0, 0 , 0, 0 , 0, 0 , 0, 0 , 0, 0 , 0, 0 , 0, 0 , 0, 0 , 0, 0 , 0, 0 , 0, 0 , 0, 0 , 0, 0 , 0, 0 , 0, 0 , 0, 0 , 0, 0 , 0, 0 , 0, 0 , 0, 0 , 0, 0 , 0, 0 , 0, 0 , 0, 0 , 0, 0 , 0, 0 , 0, 0 , 0, 0 , 0, 0 , 0, 0 , 0, 0 , 0, 0 , 0, 0 , 0, 0 , 0, 0 , 0, 0 , 0, 0 , 0, 0 , 0, 0 , 0, 0 , 0, 0 , 0, 0 , 0, 0 , 0, 0 , 0, 0 , 0, 0 , 0, 0 , 0, 0 , 0, 0 , 0, 0 , 0, 0 , 0, 0 , 0, 0 , 0, 0 , 0, 0 , 0, 0 , 0, 0 , 0, 0 , 0, 0 , 0, 0 , 0, 0 , 0, 0 , 0, 0 , 0, 0 , 0, 0 , 0, 0 , 0, 0 , 0, 0 , 0, 0 , 0, 0 , 0, 0 , 0, 0 , 0, 0 , 0, 0 , 0, 0 , 0, 1,1,1,1,1,1,1,1,1,1,1,1,1,1,1,1,1,1,1, 1, 1, 1, 1, 1, 1, 1, 1, 1, 1, 1, 1, 1, 1, 1, 1, 1, 1, 1, 1, 1, 1, 1, 1, 1, 1, 1, 1, 1, 1, 1, 1, 1, 1, 1, 1, 1, 1, 1, 1, 1, 1, 1, 1, 1, 1, 1, 1, 1, 1, 1, 1, 1, 1, 1, 1, 1, 1, 1, 1, 1, 1, 1, 1, 1, 1, 1, 1, 1, 1, 1, 1, 1, 1, 1, 1, 1, 1, 1, 1, 1,1
1,16256,4096,18446744073708519420,8191,8404991,0,274844368786,4096,2080391050,4096,34084860477058,0,7810,2072,18446744073709551487,16383,17179869183,12288,18446744073709551103,16127,18446744073709551615,16127,18446744073709551615,16383,18446744073709551615,16383,17592185995263,12288,49024,0,24448,0,16256,0,16256,8192,16256,0,16256,0,16258,4096,8404866,0,8404866,0,6307718,0,16258,0,1073758090,0,1073758106,0,1342193562,0,1207975834,0,1073758106,0,7482654618,4096,5368725386,0,3221241738,0,16266,4096,34359754378,0,17179885194,0,16010,0,16010,4096,16002,0,16002,0,16034,0,16034,0,8796093038242,0,4398046527138,0,7842,4096,70368744185474,1024,35184372096642,1024,7810,1024,18446181123756138114,1543,17169973579357831,512,3096224743825026,512,1970324836982402,512,9851624184880770,512,5348024557510274,512,281474976718466,512,281474976718466,1536,281474976718466,1536,18158795172534558338,1539,8791307947603926659,512,1585548543811133058,512,1009087791507709570,512,5044313057631673986,512,2738470048417980034,512,144396663052574338,513,9367768699907350147,512,144396663052574338,1536,281474976718466,1536,7874,2064,7890,2056,7818,4160,7874,4512,8098,4160,6338,4160,18446462598732848834,1031,252729344714088071,518,7878,24,17739289739163,480,147424,0,0 , 0, 0 , 0, 0 , 0, 0 , 0, 0 , 0, 0 , 0, 0 , 0, 0 , 0, 0 , 0, 0 , 0, 0 , 0, 0 , 0, 0 , 0, 0 , 0, 0 , 0, 0 , 0, 0 , 0, 0 , 0, 0 , 0, 0 , 0, 0 , 0, 0 , 0, 1,1,1,1,1,1,1,1,1,1,1,1,1,1,1,1,1,1,1,1,1,1,1,1,1,1,1,1,1,1,1,1,1,1,1,1,1,1,1,1,1,1,1,1,1,1,1,1,1,1,1,1,1,1,1,1,1,1,1,1,1,1,1,1,1,1,1,1,1,1,1,1,1,1,1,1,1,1, 1, 1, 1, 1, 1, 1, 1, 1, 1, 1, 1, 1, 1, 1, 1, 1, 1, 1, 1, 1, 1, 1,1
1,285211134,0,300941777,0,268697593,0,268697589,0,301989871,0,269483997,0,269483967,0,335544191,0,536870655,0,268436988,0,268436476,0,509,0,268567037,0,268681725,0,172541,0,156157,0,268575229,0,268562941,0,524785,0,262641,0,403,0,4194707,0,2097555,0,403,0,268435858,0,384,0,268435712,0,256,0,84097023,0,0 , 0, 0 , 0, 0 , 0, 0 , 0, 0 , 0, 0 , 0, 0 , 0, 0 , 0, 0 , 0, 0 , 0, 0 , 0, 0 , 0, 0 , 0, 0 , 0, 0 , 0, 0 , 0, 0 , 0, 0 , 0, 0 , 0, 0 , 0, 0 , 0, 0 , 0, 0 , 0, 0 , 0, 0 , 0, 0 , 0, 0 , 0, 0 , 0, 0 , 0, 0 , 0, 0 , 0, 0 , 0, 0 , 0, 0 , 0, 0 , 0, 0 , 0, 0 , 0, 0 , 0, 0 , 0, 0 , 0, 0 , 0, 0 , 0, 0 , 0, 0 , 0, 0 , 0, 0 , 0, 0 , 0, 0 , 0, 0 , 0, 0 , 0, 0 , 0, 0 , 0, 0 , 0, 0 , 0, 0 , 0, 0 , 0, 0 , 0, 0 , 0, 0 , 0, 0 , 0, 0 , 0, 0 , 0, 0 , 0, 0 , 0, 0 , 0, 0 , 0, 0 , 0, 0 , 0, 0 , 0, 0 , 0, 0 , 0, 1,1,1,1,1,1,1,1,1,1,1,1,1,1,1,1,1,1,1,1,1,1,1,1,1,1,1,1,1, 1, 1, 1, 1, 1, 1, 1, 1, 1, 1, 1, 1, 1, 1, 1, 1, 1, 1, 1, 1, 1, 1, 1, 1, 1, 1, 1, 1, 1, 1, 1, 1, 1, 1, 1, 1, 1, 1, 1, 1, 1, 1, 1, 1, 1, 1, 1, 1, 1, 1, 1, 1, 1, 1, 1, 1, 1, 1, 1, 1, 1, 1, 1, 1, 1, 1, 1, 1, 1, 1, 1,1
1,4194045950,0,2046560253,0,2046560251,0,805560311,0,4294967279,0,4227858399,0,4194303935,0,4194303871,0,268435711,0,268435711,0,268435711,0,4345,0,2296,0,240,0,248,0,131320,0,131320,0,98552,0,247,0,247,0,247,0,247,0,247,0,247,0,247,0,3221225520,0,1073741840,0,268435703,0,671090687,0,268435711,0,2248147191,0,1107296497,0,0 , 0, 0 , 0, 0 , 0, 0 , 0, 0 , 0, 0 , 0, 0 , 0, 0 , 0, 0 , 0, 0 , 0, 0 , 0, 0 , 0, 0 , 0, 0 , 0, 0 , 0, 0 , 0, 0 , 0, 0 , 0, 0 , 0, 0 , 0, 0 , 0, 0 , 0, 0 , 0, 0 , 0, 0 , 0, 0 , 0, 0 , 0, 0 , 0, 0 , 0, 0 , 0, 0 , 0, 0 , 0, 0 , 0, 0 , 0, 0 , 0, 0 , 0, 0 , 0, 0 , 0, 0 , 0, 0 , 0, 0 , 0, 0 , 0, 0 , 0, 0 , 0, 0 , 0, 0 , 0, 0 , 0, 0 , 0, 0 , 0, 0 , 0, 0 , 0, 0 , 0, 0 , 0, 0 , 0, 0 , 0, 0 , 0, 0 , 0, 0 , 0, 0 , 0, 0 , 0, 0 , 0, 0 , 0, 0 , 0, 0 , 0, 0 , 0, 0 , 0, 0 , 0, 0 , 0, 1,1,1,1,1,1,1,1,1,1,1,1,1,1,1,1,1,1,1,1,1,1,1,1,1,1,1,1,1,1,1,1, 1, 1, 1, 1, 1, 1, 1, 1, 1, 1, 1, 1, 1, 1, 1, 1, 1, 1, 1, 1, 1, 1, 1, 1, 1, 1, 1, 1, 1, 1, 1, 1, 1, 1, 1, 1, 1, 1, 1, 1, 1, 1, 1, 1, 1, 1, 1, 1, 1, 1, 1, 1, 1, 1, 1, 1, 1, 1, 1, 1, 1, 1, 1, 1, 1, 1, 1, 1,1
1,133112,0,174068,0,174066,0,204785,0,262127,0,212959,0,245695,0,245631,0,212735,0,245247,0,146431,0,2040,0,2040,0,2038,0,131088,0,131798,0,132088,0,116735,0,0 , 0, 0 , 0, 0 , 0, 0 , 0, 0 , 0, 0 , 0, 0 , 0, 0 , 0, 0 , 0, 0 , 0, 0 , 0, 0 , 0, 0 , 0, 0 , 0, 0 , 0, 0 , 0, 0 , 0, 0 , 0, 0 , 0, 0 , 0, 0 , 0, 0 , 0, 0 , 0, 0 , 0, 0 , 0, 0 , 0, 0 , 0, 0 , 0, 0 , 0, 0 , 0, 0 , 0, 0 , 0, 0 , 0, 0 , 0, 0 , 0, 0 , 0, 0 , 0, 0 , 0, 0 , 0, 0 , 0, 0 , 0, 0 , 0, 0 , 0, 0 , 0, 0 , 0, 0 , 0, 0 , 0, 0 , 0, 0 , 0, 0 , 0, 0 , 0, 0 , 0, 0 , 0, 0 , 0, 0 , 0, 0 , 0, 0 , 0, 0 , 0, 0 , 0, 0 , 0, 0 , 0, 0 , 0, 0 , 0, 0 , 0, 0 , 0, 0 , 0, 0 , 0, 0 , 0, 0 , 0, 0 , 0, 0 , 0, 0 , 0, 0 , 0, 0 , 0, 0 , 0, 0 , 0, 0 , 0, 0 , 0, 0 , 0, 0 , 0, 0 , 0, 0 , 0, 1,1,1,1,1,1,1,1,1,1,1,1,1,1,1,1,1,1, 1, 1, 1, 1, 1, 1, 1, 1, 1, 1, 1, 1, 1, 1, 1, 1, 1, 1, 1, 1, 1, 1, 1, 1, 1, 1, 1, 1, 1, 1, 1, 1, 1, 1, 1, 1, 1, 1, 1, 1, 1, 1, 1, 1, 1, 1, 1, 1, 1, 1, 1, 1, 1, 1, 1, 1, 1, 1, 1, 1, 1, 1, 1, 1, 1, 1, 1, 1, 1, 1, 1, 1, 1, 1, 1, 1, 1, 1, 1, 1, 1, 1,1
1,4398046511102,0,4398046511101,0,4398046511099,0,2202250837911,0,2200103354255,0,2200103354247,0,2200103354247,0,4398046510975,0,4398046510847,0,4398046510591,0,4398046510079,0,4398046509055,0,4398046507007,0,4398046502911,0,4398046494719,0,4398046478335,0,2200103354247,0,2200103354247,0,2200103354247,0,2200103354247,0,2200103354247,0,4398044413951,0,4398042316799,0,2200103354247,0,550869467015,0,1096875911,0,1080098695,0,1885405063,0,1751187335,0,1482751879,0,4396972769279,0,2200103354255,0,2200103354247,0,2200103354247,0,1080098695,0,1080098695,0,138519052167,0,69799575431,0,1080098695,0,1096875911,0,2200103354247,0,1115634532351,0,0 , 0, 0 , 0, 0 , 0, 0 , 0, 0 , 0, 0 , 0, 0 , 0, 0 , 0, 0 , 0, 0 , 0, 0 , 0, 0 , 0, 0 , 0, 0 , 0, 0 , 0, 0 , 0, 0 , 0, 0 , 0, 0 , 0, 0 , 0, 0 , 0, 0 , 0, 0 , 0, 0 , 0, 0 , 0, 0 , 0, 0 , 0, 0 , 0, 0 , 0, 0 , 0, 0 , 0, 0 , 0, 0 , 0, 0 , 0, 0 , 0, 0 , 0, 0 , 0, 0 , 0, 0 , 0, 0 , 0, 0 , 0, 0 , 0, 0 , 0, 0 , 0, 0 , 0, 0 , 0, 0 , 0, 0 , 0, 0 , 0, 0 , 0, 0 , 0, 0 , 0, 0 , 0, 0 , 0, 0 , 0, 0 , 0, 0 , 0, 0 , 0, 1,1,1,1,1,1,1,1,1,1,1,1,1,1,1,1,1,1,1,1,1,1,1,1,1,1,1,1,1,1,1,1,1,1,1,1,1,1,1,1,1,1, 1, 1, 1, 1, 1, 1, 1, 1, 1, 1, 1, 1, 1, 1, 1, 1, 1, 1, 1, 1, 1, 1, 1, 1, 1, 1, 1, 1, 1, 1, 1, 1, 1, 1, 1, 1, 1, 1, 1, 1, 1, 1, 1, 1, 1, 1, 1, 1, 1, 1, 1, 1, 1, 1, 1, 1, 1, 1,1
1,1065151889406,0,1065151889405,0,893422084091,0,901928189943,0,343599161327,0,1099511627743,0,1099511627711,0,1099511627647,0,1099511627519,0,1099511627263,0,1099511626751,0,1099511625727,0,1099511623679,0,343599095787,0,343599194091,0,343599177707,0,343599144959,0,1065151758335,0,343599095779,0,1065151365119,0,1065150840831,0,343599095779,0,343607484387,0,343603290083,0,343699759083,0,343682981867,0,893405241327,0,893623345131,0,894025998315,0,894697086955,0,896039264235,0,898723618795,0,895502393323,0,343599095779,0,343599095779,0,68719484896,0,1030792151039,0,343599095779,0,790273982463,0,352121921519,0,0 , 0, 0 , 0, 0 , 0, 0 , 0, 0 , 0, 0 , 0, 0 , 0, 0 , 0, 0 , 0, 0 , 0, 0 , 0, 0 , 0, 0 , 0, 0 , 0, 0 , 0, 0 , 0, 0 , 0, 0 , 0, 0 , 0, 0 , 0, 0 , 0, 0 , 0, 0 , 0, 0 , 0, 0 , 0, 0 , 0, 0 , 0, 0 , 0, 0 , 0, 0 , 0, 0 , 0, 0 , 0, 0 , 0, 0 , 0, 0 , 0, 0 , 0, 0 , 0, 0 , 0, 0 , 0, 0 , 0, 0 , 0, 0 , 0, 0 , 0, 0 , 0, 0 , 0, 0 , 0, 0 , 0, 0 , 0, 0 , 0, 0 , 0, 0 , 0, 0 , 0, 0 , 0, 0 , 0, 0 , 0, 0 , 0, 0 , 0, 0 , 0, 0 , 0, 0 , 0, 1,1,1,1,1,1,1,1,1,1,1,1,1,1,1,1,1,1,1,1,1,1,1,1,1,1,1,1,1,1,1,1,1,1,1,1,1,1,1,1, 1, 1, 1, 1, 1, 1, 1, 1, 1, 1, 1, 1, 1, 1, 1, 1, 1, 1, 1, 1, 1, 1, 1, 1, 1, 1, 1, 1, 1, 1, 1, 1, 1, 1, 1, 1, 1, 1, 1, 1, 1, 1, 1, 1, 1, 1, 1, 1, 1, 1, 1, 1, 1, 1, 1, 1, 1, 1, 1, 1,1
1,211106232533218,0,140737490452705,0,140737496744160,0,228698468909280,0,175921860444384,0,272661703819231,0,272661703819199,0,263882857774975,0,736,0,480,0,211106232533216,0,211106234626272,0,140737490446560,0,140737488361696,0,140737488361696,0,140737488427232,0,140737488394464,0,140737488623840,0,140737488492768,0,140737488361696,0,211106232539360,0,140737488355554,0,140737488355552,0,140737488355556,0,158329707954408,0,228698435354856,0,70368744177760,0,70368744177760,0,70368744177760,0,70368744177760,0,70368744177760,0,70368744177760,0,70368744177760,0,70368744177760,0,70368744177664,0,96,0,96,0,96,0,96,0,96,0,96,0,96,0,96,0,0,0,211106282864872,0,140737488355568,0,158364001635561,0,123145369419007,0,0 , 0, 0 , 0, 0 , 0, 0 , 0, 0 , 0, 0 , 0, 0 , 0, 0 , 0, 0 , 0, 0 , 0, 0 , 0, 0 , 0, 0 , 0, 0 , 0, 0 , 0, 0 , 0, 0 , 0, 0 , 0, 0 , 0, 0 , 0, 0 , 0, 0 , 0, 0 , 0, 0 , 0, 0 , 0, 0 , 0, 0 , 0, 0 , 0, 0 , 0, 0 , 0, 0 , 0, 0 , 0, 0 , 0, 0 , 0, 0 , 0, 0 , 0, 0 , 0, 0 , 0, 0 , 0, 0 , 0, 0 , 0, 0 , 0, 0 , 0, 0 , 0, 0 , 0, 0 , 0, 0 , 0, 0 , 0, 0 , 0, 0 , 0, 0 , 0, 0 , 0, 1,1,1,1,1,1,1,1,1,1,1,1,1,1,1,1,1,1,1,1,1,1,1,1,1,1,1,1,1,1,1,1,1,1,1,1,1,1,1,1,1,1,1,1,1,1,1,1, 1, 1, 1, 1, 1, 1, 1, 1, 1, 1, 1, 1, 1, 1, 1, 1, 1, 1, 1, 1, 1, 1, 1, 1, 1, 1, 1, 1, 1, 1, 1, 1, 1, 1, 1, 1, 1, 1, 1, 1, 1, 1, 1, 1, 1, 1, 1, 1, 1, 1, 1, 1,1
1,19791225548926,0,19791275880573,0,17592189702171,0,17592245014647,0,17592189702159,0,17592211460171,0,17592194682923,0,30786527023360,0,30786459914368,0,13194408087552,0,1073860608,0,18674517921792,0,34084860456959,0,2199030583299,0,33054068293631,0,33054068277247,0,33054068244479,0,19791276273791,0,19791216898071,0,17592186302464,0,17592188653591,0,19791215063063,0,2199025872899,0,17592186294379,0,17592219848746,0,17592203071498,0,8796093141120,0,26388279185792,0,13194139652608,0,118784,0,119808,0,118784,0,118784,0,118784,0,34359859200,0,17179990016,0,6144,0,6144,0,6144,0,6144,0,17592186044416,0,6811651,0,8796361577344,0,21990702437248,0,9895801772543,0,0 , 0, 0 , 0, 0 , 0, 0 , 0, 0 , 0, 0 , 0, 0 , 0, 0 , 0, 0 , 0, 0 , 0, 0 , 0, 0 , 0, 0 , 0, 0 , 0, 0 , 0, 0 , 0, 0 , 0, 0 , 0, 0 , 0, 0 , 0, 0 , 0, 0 , 0, 0 , 0, 0 , 0, 0 , 0, 0 , 0, 0 , 0, 0 , 0, 0 , 0, 0 , 0, 0 , 0, 0 , 0, 0 , 0, 0 , 0, 0 , 0, 0 , 0, 0 , 0, 0 , 0, 0 , 0, 0 , 0, 0 , 0, 0 , 0, 0 , 0, 0 , 0, 0 , 0, 0 , 0, 0 , 0, 0 , 0, 0 , 0, 0 , 0, 0 , 0, 0 , 0, 0 , 0, 0 , 0, 0 , 0, 1,1,1,1,1,1,1,1,1,1,1,1,1,1,1,1,1,1,1,1,1,1,1,1,1,1,1,1,1,1,1,1,1,1,1,1,1,1,1,1,1,1,1,1,1, 1, 1, 1, 1, 1, 1, 1, 1, 1, 1, 1, 1, 1, 1, 1, 1, 1, 1, 1, 1, 1, 1, 1, 1, 1, 1, 1, 1, 1, 1, 1, 1, 1, 1, 1, 1, 1, 1, 1, 1, 1, 1, 1, 1, 1, 1, 1, 1, 1, 1, 1, 1, 1, 1, 1,1
1,4231150,0,4231149,0,4195755,0,7602167,0,7372776,0,8388575,0,7405499,0,7929727,0,7929599,0,6356475,0,7404543,0,6354939,0,4088,0,20472,0,12280,0,4075,0,131112,0,65576,0,4194336,0,4194720,0,4195832,0,4198392,0,3936255,0,0 , 0, 0 , 0, 0 , 0, 0 , 0, 0 , 0, 0 , 0, 0 , 0, 0 , 0, 0 , 0, 0 , 0, 0 , 0, 0 , 0, 0 , 0, 0 , 0, 0 , 0, 0 , 0, 0 , 0, 0 , 0, 0 , 0, 0 , 0, 0 , 0, 0 , 0, 0 , 0, 0 , 0, 0 , 0, 0 , 0, 0 , 0, 0 , 0, 0 , 0, 0 , 0, 0 , 0, 0 , 0, 0 , 0, 0 , 0, 0 , 0, 0 , 0, 0 , 0, 0 , 0, 0 , 0, 0 , 0, 0 , 0, 0 , 0, 0 , 0, 0 , 0, 0 , 0, 0 , 0, 0 , 0, 0 , 0, 0 , 0, 0 , 0, 0 , 0, 0 , 0, 0 , 0, 0 , 0, 0 , 0, 0 , 0, 0 , 0, 0 , 0, 0 , 0, 0 , 0, 0 , 0, 0 , 0, 0 , 0, 0 , 0, 0 , 0, 0 , 0, 0 , 0, 0 , 0, 0 , 0, 0 , 0, 0 , 0, 0 , 0, 0 , 0, 0 , 0, 0 , 0, 0 , 0, 0 , 0, 1,1,1,1,1,1,1,1,1,1,1,1,1,1,1,1,1,1,1,1,1,1,1, 1, 1, 1, 1, 1, 1, 1, 1, 1, 1, 1, 1, 1, 1, 1, 1, 1, 1, 1, 1, 1, 1, 1, 1, 1, 1, 1, 1, 1, 1, 1, 1, 1, 1, 1, 1, 1, 1, 1, 1, 1, 1, 1, 1, 1, 1, 1, 1, 1, 1, 1, 1, 1, 1, 1, 1, 1, 1, 1, 1, 1, 1, 1, 1, 1, 1, 1, 1, 1, 1, 1, 1, 1, 1, 1, 1, 1,1
1,14711294,0,14712829,0,11041275,0,10500567,0,15626223,0,10494423,0,15630271,0,15368063,0,14712575,0,10486226,0,14680530,0,11284959,0,10496463,0,10508799,0,10494423,0,2162688,0,2129920,0,2097360,0,6293584,0,10488020,0,6291456,0,14680063,0,11797971,0,6848511,0,0 , 0, 0 , 0, 0 , 0, 0 , 0, 0 , 0, 0 , 0, 0 , 0, 0 , 0, 0 , 0, 0 , 0, 0 , 0, 0 , 0, 0 , 0, 0 , 0, 0 , 0, 0 , 0, 0 , 0, 0 , 0, 0 , 0, 0 , 0, 0 , 0, 0 , 0, 0 , 0, 0 , 0, 0 , 0, 0 , 0, 0 , 0, 0 , 0, 0 , 0, 0 , 0, 0 , 0, 0 , 0, 0 , 0, 0 , 0, 0 , 0, 0 , 0, 0 , 0, 0 , 0, 0 , 0, 0 , 0, 0 , 0, 0 , 0, 0 , 0, 0 , 0, 0 , 0, 0 , 0, 0 , 0, 0 , 0, 0 , 0, 0 , 0, 0 , 0, 0 , 0, 0 , 0, 0 , 0, 0 , 0, 0 , 0, 0 , 0, 0 , 0, 0 , 0, 0 , 0, 0 , 0, 0 , 0, 0 , 0, 0 , 0, 0 , 0, 0 , 0, 0 , 0, 0 , 0, 0 , 0, 0 , 0, 0 , 0, 0 , 0, 0 , 0, 0 , 0, 0 , 0, 0 , 0, 1,1,1,1,1,1,1,1,1,1,1,1,1,1,1,1,1,1,1,1,1,1,1,1, 1, 1, 1, 1, 1, 1, 1, 1, 1, 1, 1, 1, 1, 1, 1, 1, 1, 1, 1, 1, 1, 1, 1, 1, 1, 1, 1, 1, 1, 1, 1, 1, 1, 1, 1, 1, 1, 1, 1, 1, 1, 1, 1, 1, 1, 1, 1, 1, 1, 1, 1, 1, 1, 1, 1, 1, 1, 1, 1, 1, 1, 1, 1, 1, 1, 1, 1, 1, 1, 1, 1, 1, 1, 1, 1, 1,1
1,2097150,0,1310717,0,1048579,0,3,0,1064931,0,16339,0,51,0,51,0,563,0,307,0,2099,0,1075,0,51,0,1048627,0,3,0,65539,0,163843,0,327683,0,131073,0,1,0,8215,0,0 , 0, 0 , 0, 0 , 0, 0 , 0, 0 , 0, 0 , 0, 0 , 0, 0 , 0, 0 , 0, 0 , 0, 0 , 0, 0 , 0, 0 , 0, 0 , 0, 0 , 0, 0 , 0, 0 , 0, 0 , 0, 0 , 0, 0 , 0, 0 , 0, 0 , 0, 0 , 0, 0 , 0, 0 , 0, 0 , 0, 0 , 0, 0 , 0, 0 , 0, 0 , 0, 0 , 0, 0 , 0, 0 , 0, 0 , 0, 0 , 0, 0 , 0, 0 , 0, 0 , 0, 0 , 0, 0 , 0, 0 , 0, 0 , 0, 0 , 0, 0 , 0, 0 , 0, 0 , 0, 0 , 0, 0 , 0, 0 , 0, 0 , 0, 0 , 0, 0 , 0, 0 , 0, 0 , 0, 0 , 0, 0 , 0, 0 , 0, 0 , 0, 0 , 0, 0 , 0, 0 , 0, 0 , 0, 0 , 0, 0 , 0, 0 , 0, 0 , 0, 0 , 0, 0 , 0, 0 , 0, 0 , 0, 0 , 0, 0 , 0, 0 , 0, 0 , 0, 0 , 0, 0 , 0, 0 , 0, 0 , 0, 0 , 0, 1,1,1,1,1,1,1,1,1,1,1,1,1,1,1,1,1,1,1,1,1, 1, 1, 1, 1, 1, 1, 1, 1, 1, 1, 1, 1, 1, 1, 1, 1, 1, 1, 1, 1, 1, 1, 1, 1, 1, 1, 1, 1, 1, 1, 1, 1, 1, 1, 1, 1, 1, 1, 1, 1, 1, 1, 1, 1, 1, 1, 1, 1, 1, 1, 1, 1, 1, 1, 1, 1, 1, 1, 1, 1, 1, 1, 1, 1, 1, 1, 1, 1, 1, 1, 1, 1, 1, 1, 1, 1, 1, 1, 1,1
1,508,0,16120,0,1273,0,65527,0,16367,0,4063,0,16319,0,3967,0,249,0,250,0,6398,0,1274,0,9306,0,4186,0,8,0,8,0,0 , 0, 0 , 0, 0 , 0, 0 , 0, 0 , 0, 0 , 0, 0 , 0, 0 , 0, 0 , 0, 0 , 0, 0 , 0, 0 , 0, 0 , 0, 0 , 0, 0 , 0, 0 , 0, 0 , 0, 0 , 0, 0 , 0, 0 , 0, 0 , 0, 0 , 0, 0 , 0, 0 , 0, 0 , 0, 0 , 0, 0 , 0, 0 , 0, 0 , 0, 0 , 0, 0 , 0, 0 , 0, 0 , 0, 0 , 0, 0 , 0, 0 , 0, 0 , 0, 0 , 0, 0 , 0, 0 , 0, 0 , 0, 0 , 0, 0 , 0, 0 , 0, 0 , 0, 0 , 0, 0 , 0, 0 , 0, 0 , 0, 0 , 0, 0 , 0, 0 , 0, 0 , 0, 0 , 0, 0 , 0, 0 , 0, 0 , 0, 0 , 0, 0 , 0, 0 , 0, 0 , 0, 0 , 0, 0 , 0, 0 , 0, 0 , 0, 0 , 0, 0 , 0, 0 , 0, 0 , 0, 0 , 0, 0 , 0, 0 , 0, 0 , 0, 0 , 0, 0 , 0, 0 , 0, 0 , 0, 0 , 0, 0 , 0, 0 , 0, 0 , 0, 0 , 0, 0 , 0, 0 , 0, 1,1,1,1,1,1,1,1,1,1,1,1,1,1,1,1, 1, 1, 1, 1, 1, 1, 1, 1, 1, 1, 1, 1, 1, 1, 1, 1, 1, 1, 1, 1, 1, 1, 1, 1, 1, 1, 1, 1, 1, 1, 1, 1, 1, 1, 1, 1, 1, 1, 1, 1, 1, 1, 1, 1, 1, 1, 1, 1, 1, 1, 1, 1, 1, 1, 1, 1, 1, 1, 1, 1, 1, 1, 1, 1, 1, 1, 1, 1, 1, 1, 1, 1, 1, 1, 1, 1, 1, 1, 1, 1, 1, 1, 1, 1,1
1,31885703512062,0,23089643519997,0,23089610096635,0,23089610096631,0,23089610096623,0,12884942815,0,558377213887,0,35184372088703,0,31885703118591,0,32985248169471,0,31885736541183,0,31885736540159,0,8589938687,0,8589938591,0,8589938591,0,8590004159,0,8589971359,0,790147,0,659075,0,396930,0,3714,0,3778,0,16780994,0,16780994,0,12586690,0,67108992,0,33554560,0,8589938591,0,10200551327,0,9932115871,0,9395244959,0,8589938591,0,8589938623,0,23081020162047,0,8589938591,0,8589938591,0,146028892063,0,77309415327,0,8589938591,0,8589938655,0,26388279067264,0,17592186044544,0,8589938591,0,18691697676161,0,12103217844127,0,0 , 0, 0 , 0, 0 , 0, 0 , 0, 0 , 0, 0 , 0, 0 , 0, 0 , 0, 0 , 0, 0 , 0, 0 , 0, 0 , 0, 0 , 0, 0 , 0, 0 , 0, 0 , 0, 0 , 0, 0 , 0, 0 , 0, 0 , 0, 0 , 0, 0 , 0, 0 , 0, 0 , 0, 0 , 0, 0 , 0, 0 , 0, 0 , 0, 0 , 0, 0 , 0, 0 , 0, 0 , 0, 0 , 0, 0 , 0, 0 , 0, 0 , 0, 0 , 0, 0 , 0, 0 , 0, 0 , 0, 0 , 0, 0 , 0, 0 , 0, 0 , 0, 0 , 0, 0 , 0, 0 , 0, 0 , 0, 0 , 0, 0 , 0, 0 , 0, 0 , 0, 0 , 0, 0 , 0, 0 , 0, 1,1,1,1,1,1,1,1,1,1,1,1,1,1,1,1,1,1,1,1,1,1,1,1,1,1,1,1,1,1,1,1,1,1,1,1,1,1,1,1,1,1,1,1,1, 1, 1, 1, 1, 1, 1, 1, 1, 1, 1, 1, 1, 1, 1, 1, 1, 1, 1, 1, 1, 1, 1, 1, 1, 1, 1, 1, 1, 1, 1, 1, 1, 1, 1, 1, 1, 1, 1, 1, 1, 1, 1, 1, 1, 1, 1, 1, 1, 1, 1, 1, 1, 1, 1, 1,1
1,285212670,0,268468221,0,268468219,0,268435479,0,268435471,0,71,0,167,0,71,0,7,0,7,0,2055,0,5127,0,2055,0,7,0,7,0,65537,0,32769,0,268697601,0,269090817,0,268697601,0,270532609,0,269484033,0,125829121,0,20971521,0,46137344,0,20971520,0,4194304,0,0,0,4063263,0,0 , 0, 0 , 0, 0 , 0, 0 , 0, 0 , 0, 0 , 0, 0 , 0, 0 , 0, 0 , 0, 0 , 0, 0 , 0, 0 , 0, 0 , 0, 0 , 0, 0 , 0, 0 , 0, 0 , 0, 0 , 0, 0 , 0, 0 , 0, 0 , 0, 0 , 0, 0 , 0, 0 , 0, 0 , 0, 0 , 0, 0 , 0, 0 , 0, 0 , 0, 0 , 0, 0 , 0, 0 , 0, 0 , 0, 0 , 0, 0 , 0, 0 , 0, 0 , 0, 0 , 0, 0 , 0, 0 , 0, 0 , 0, 0 , 0, 0 , 0, 0 , 0, 0 , 0, 0 , 0, 0 , 0, 0 , 0, 0 , 0, 0 , 0, 0 , 0, 0 , 0, 0 , 0, 0 , 0, 0 , 0, 0 , 0, 0 , 0, 0 , 0, 0 , 0, 0 , 0, 0 , 0, 0 , 0, 0 , 0, 0 , 0, 0 , 0, 0 , 0, 0 , 0, 0 , 0, 0 , 0, 0 , 0, 0 , 0, 1,1,1,1,1,1,1,1,1,1,1,1,1,1,1,1,1,1,1,1,1,1,1,1,1,1,1,1,1, 1, 1, 1, 1, 1, 1, 1, 1, 1, 1, 1, 1, 1, 1, 1, 1, 1, 1, 1, 1, 1, 1, 1, 1, 1, 1, 1, 1, 1, 1, 1, 1, 1, 1, 1, 1, 1, 1, 1, 1, 1, 1, 1, 1, 1, 1, 1, 1, 1, 1, 1, 1, 1, 1, 1, 1, 1, 1, 1, 1, 1, 1, 1, 1, 1, 1, 1, 1, 1, 1, 1,1
1,1044835109322096510,0,1026820715040473085,0,1026820710745636731,0,1026820710745636727,0,1026820710753894255,0,145823829145460511,0,5649290743516959,0,1879052034,0,1152921504606846719,0,1080863910568918527,0,1026820715040472063,0,1026820715040471039,0,145260879192002367,0,1145691116162847,0,289376067267866399,0,1145691116212031,0,1145691116179231,0,576460752303427347,0,576460752303427347,0,576460752303427347,0,576460752309718803,0,576460752304475923,0,576460752304475923,0,576460752303427331,0,100667139,0,83889923,0,50335490,0,3842,0,3970,0,1073745794,0,536874882,0,576460752303427330,0,1145691116146463,0,1724017052487455,0,1708684019240735,0,1708735558848287,0,1708684019240735,0,1708649659502367,0,1708649659502367,0,1709749171130143,0,1709199415316255,0,1026818511722381183,0,1708649659502367,0,1708649659502367,0,1026803118559592319,0,577606443419569951,0,577606443419569951,0,577606443419569951,0,1145691116146463,0,1161075689000767,0,1025694810838794111,0,1145691116146463,0,1145691116146527,0,145260879192002335,0,612489549322388225,0,594475150812906240,0,576460752303423744,0,10152890370891583,0,1145691116162847,0,127492773451271967,0,0 , 0, 0 , 0, 0 , 0, 0 , 0, 0 , 0, 0 , 0, 0 , 0, 0 , 0, 0 , 0, 0 , 0, 0 , 0, 0 , 0, 0 , 0, 0 , 0, 0 , 0, 0 , 0, 0 , 0, 0 , 0, 0 , 0, 0 , 0, 0 , 0, 0 , 0, 0 , 0, 0 , 0, 0 , 0, 0 , 0, 0 , 0, 0 , 0, 0 , 0, 0 , 0, 0 , 0, 0 , 0, 0 , 0, 0 , 0, 0 , 0, 0 , 0, 0 , 0, 0 , 0, 0 , 0, 0 , 0, 1,1,1,1,1,1,1,1,1,1,1,1,1,1,1,1,1,1,1,1,1,1,1,1,1,1,1,1,1,1,1,1,1,1,1,1,1,1,1,1,1,1,1,1,1,1,1,1,1,1,1,1,1,1,1,1,1,1,1,1, 1, 1, 1, 1, 1, 1, 1, 1, 1, 1, 1, 1, 1, 1, 1, 1, 1, 1, 1, 1, 1, 1, 1, 1, 1, 1, 1, 1, 1, 1, 1, 1, 1, 1, 1, 1, 1, 1, 1, 1,1
1,32522200,0,1835020,0,1048578,0,134217715,0,1048617,0,1048600,0,3146121,0,3146057,0,15728841,0,13632521,0,13634057,0,1049609,0,1048585,0,51396617,0,118530056,0,101924872,0,68321288,0,68255752,0,1572874,0,1310730,0,133169151,0,13631945,0,11536137,0,7341833,0,34627593,0,84992008,0,34848776,0,0 , 0, 0 , 0, 0 , 0, 0 , 0, 0 , 0, 0 , 0, 0 , 0, 0 , 0, 0 , 0, 0 , 0, 0 , 0, 0 , 0, 0 , 0, 0 , 0, 0 , 0, 0 , 0, 0 , 0, 0 , 0, 0 , 0, 0 , 0, 0 , 0, 0 , 0, 0 , 0, 0 , 0, 0 , 0, 0 , 0, 0 , 0, 0 , 0, 0 , 0, 0 , 0, 0 , 0, 0 , 0, 0 , 0, 0 , 0, 0 , 0, 0 , 0, 0 , 0, 0 , 0, 0 , 0, 0 , 0, 0 , 0, 0 , 0, 0 , 0, 0 , 0, 0 , 0, 0 , 0, 0 , 0, 0 , 0, 0 , 0, 0 , 0, 0 , 0, 0 , 0, 0 , 0, 0 , 0, 0 , 0, 0 , 0, 0 , 0, 0 , 0, 0 , 0, 0 , 0, 0 , 0, 0 , 0, 0 , 0, 0 , 0, 0 , 0, 0 , 0, 0 , 0, 0 , 0, 0 , 0, 0 , 0, 0 , 0, 0 , 0, 0 , 0, 1,1,1,1,1,1,1,1,1,1,1,1,1,1,1,1,1,1,1,1,1,1,1,1,1,1,1, 1, 1, 1, 1, 1, 1, 1, 1, 1, 1, 1, 1, 1, 1, 1, 1, 1, 1, 1, 1, 1, 1, 1, 1, 1, 1, 1, 1, 1, 1, 1, 1, 1, 1, 1, 1, 1, 1, 1, 1, 1, 1, 1, 1, 1, 1, 1, 1, 1, 1, 1, 1, 1, 1, 1, 1, 1, 1, 1, 1, 1, 1, 1, 1, 1, 1, 1, 1, 1, 1, 1, 1, 1,1
1,30198985726,0,8602518365,0,30081541115,0,30081545207,0,30098318319,0,25770189789,0,34359738303,0,30068965245,0,30333206271,0,30198988287,0,17179872192,0,17179871168,0,8589935561,0,25769804797,0,25770099709,0,25770148861,0,25770099709,0,25770066909,0,25770574845,0,25771115485,0,25770329053,0,989,0,8589935455,0,8589935455,0,849,0,2080375617,0,33555265,0,301990208,0,167772224,0,33554496,0,33554496,0,64,0,8589935581,0,21489513471,0,8592027645,0,0 , 0, 0 , 0, 0 , 0, 0 , 0, 0 , 0, 0 , 0, 0 , 0, 0 , 0, 0 , 0, 0 , 0, 0 , 0, 0 , 0, 0 , 0, 0 , 0, 0 , 0, 0 , 0, 0 , 0, 0 , 0, 0 , 0, 0 , 0, 0 , 0, 0 , 0, 0 , 0, 0 , 0, 0 , 0, 0 , 0, 0 , 0, 0 , 0, 0 , 0, 0 , 0, 0 , 0, 0 , 0, 0 , 0, 0 , 0, 0 , 0, 0 , 0, 0 , 0, 0 , 0, 0 , 0, 0 , 0, 0 , 0, 0 , 0, 0 , 0, 0 , 0, 0 , 0, 0 , 0, 0 , 0, 0 , 0, 0 , 0, 0 , 0, 0 , 0, 0 , 0, 0 , 0, 0 , 0, 0 , 0, 0 , 0, 0 , 0, 0 , 0, 0 , 0, 0 , 0, 0 , 0, 0 , 0, 0 , 0, 0 , 0, 0 , 0, 1,1,1,1,1,1,1,1,1,1,1,1,1,1,1,1,1,1,1,1,1,1,1,1,1,1,1,1,1,1,1,1,1,1,1, 1, 1, 1, 1, 1, 1, 1, 1, 1, 1, 1, 1, 1, 1, 1, 1, 1, 1, 1, 1, 1, 1, 1, 1, 1, 1, 1, 1, 1, 1, 1, 1, 1, 1, 1, 1, 1, 1, 1, 1, 1, 1, 1, 1, 1, 1, 1, 1, 1, 1, 1, 1, 1, 1, 1, 1, 1, 1, 1, 1, 1, 1, 1, 1, 1,1
1,281474976774150,0,30725,0,281474977232899,0,26459747322182640,0,562949955008616,0,538712,0,562949969688632,0,6756496805214984,0,6756496805214856,0,4294982024,0,9007199254755328,0,36028797018961919,0,36028797018959871,0,36028797018955775,0,14343,0,79877,0,178180,0,79876,0,14348,0,14456,0,2111576,0,5257288,0,2111560,0,1125899906857032,0,22517998136866824,0,24769798084769800,0,24769798084769800,0,24769798319650824,0,24769798084769800,0,24769799024293896,0,24769798487422984,0,6755399441070472,0,1090921708424,0,4294982024,0,4294982024,0,554050795912,0,554050795912,0,828928702856,0,691489749384,0,519691057544,0,14336,0,4398046525440,0,2199023269888,0,14336,0,14336,0,14336,0,14336,0,9007199254755328,0,14341,0,14424,0,18014398517884936,0,22518002398280072,0,20266202601372040,0,140737488370688,0,7881301478619144,0,0 , 0, 0 , 0, 0 , 0, 0 , 0, 0 , 0, 0 , 0, 0 , 0, 0 , 0, 0 , 0, 0 , 0, 0 , 0, 0 , 0, 0 , 0, 0 , 0, 0 , 0, 0 , 0, 0 , 0, 0 , 0, 0 , 0, 0 , 0, 0 , 0, 0 , 0, 0 , 0, 0 , 0, 0 , 0, 0 , 0, 0 , 0, 0 , 0, 0 , 0, 0 , 0, 0 , 0, 0 , 0, 0 , 0, 0 , 0, 0 , 0, 0 , 0, 0 , 0, 0 , 0, 0 , 0, 0 , 0, 0 , 0, 0 , 0, 0 , 0, 0 , 0, 0 , 0, 1,1,1,1,1,1,1,1,1,1,1,1,1,1,1,1,1,1,1,1,1,1,1,1,1,1,1,1,1,1,1,1,1,1,1,1,1,1,1,1,1,1,1,1,1,1,1,1,1,1,1,1,1,1,1, 1, 1, 1, 1, 1, 1, 1, 1, 1, 1, 1, 1, 1, 1, 1, 1, 1, 1, 1, 1, 1, 1, 1, 1, 1, 1, 1, 1, 1, 1, 1, 1, 1, 1, 1, 1, 1, 1, 1, 1, 1, 1, 1, 1, 1,1
1,274877905662,0,274877788925,0,138512707643,0,138512707639,0,138512707631,0,171798573791,0,171798573731,0,138514673763,0,137438957568,0,170666242147,0,137438957568,0,137439080449,0,274877902847,0,274877897471,0,137438967809,0,137438967809,0,137438967809,0,138512707811,0,138512707811,0,138513756387,0,138513232099,0,138512707683,0,138512707683,0,171781927523,0,138521096291,0,137447354467,0,144292459107,0,144225350243,0,144091132515,0,169659609699,0,137472389375,0,168518759011,0,166371275363,0,144426676835,0,144426676835,0,137438965763,0,137438965763,0,137438953471,0,0 , 0, 0 , 0, 0 , 0, 0 , 0, 0 , 0, 0 , 0, 0 , 0, 0 , 0, 0 , 0, 0 , 0, 0 , 0, 0 , 0, 0 , 0, 0 , 0, 0 , 0, 0 , 0, 0 , 0, 0 , 0, 0 , 0, 0 , 0, 0 , 0, 0 , 0, 0 , 0, 0 , 0, 0 , 0, 0 , 0, 0 , 0, 0 , 0, 0 , 0, 0 , 0, 0 , 0, 0 , 0, 0 , 0, 0 , 0, 0 , 0, 0 , 0, 0 , 0, 0 , 0, 0 , 0, 0 , 0, 0 , 0, 0 , 0, 0 , 0, 0 , 0, 0 , 0, 0 , 0, 0 , 0, 0 , 0, 0 , 0, 0 , 0, 0 , 0, 0 , 0, 0 , 0, 0 , 0, 0 , 0, 0 , 0, 0 , 0, 0 , 0, 0 , 0, 0 , 0, 0 , 0, 0 , 0, 1,1,1,1,1,1,1,1,1,1,1,1,1,1,1,1,1,1,1,1,1,1,1,1,1,1,1,1,1,1,1,1,1,1,1,1,1,1, 1, 1, 1, 1, 1, 1, 1, 1, 1, 1, 1, 1, 1, 1, 1, 1, 1, 1, 1, 1, 1, 1, 1, 1, 1, 1, 1, 1, 1, 1, 1, 1, 1, 1, 1, 1, 1, 1, 1, 1, 1, 1, 1, 1, 1, 1, 1, 1, 1, 1, 1, 1, 1, 1, 1, 1, 1, 1, 1, 1, 1, 1,1
1,524286,0,524285,0,524283,0,393351,0,394407,0,394391,0,394375,0,524159,0,394887,0,394631,0,418807,0,131207,0,131207,0,148615,0,140423,0,131207,0,131207,0,393215,0,133119,0,0 , 0, 0 , 0, 0 , 0, 0 , 0, 0 , 0, 0 , 0, 0 , 0, 0 , 0, 0 , 0, 0 , 0, 0 , 0, 0 , 0, 0 , 0, 0 , 0, 0 , 0, 0 , 0, 0 , 0, 0 , 0, 0 , 0, 0 , 0, 0 , 0, 0 , 0, 0 , 0, 0 , 0, 0 , 0, 0 , 0, 0 , 0, 0 , 0, 0 , 0, 0 , 0, 0 , 0, 0 , 0, 0 , 0, 0 , 0, 0 , 0, 0 , 0, 0 , 0, 0 , 0, 0 , 0, 0 , 0, 0 , 0, 0 , 0, 0 , 0, 0 , 0, 0 , 0, 0 , 0, 0 , 0, 0 , 0, 0 , 0, 0 , 0, 0 , 0, 0 , 0, 0 , 0, 0 , 0, 0 , 0, 0 , 0, 0 , 0, 0 , 0, 0 , 0, 0 , 0, 0 , 0, 0 , 0, 0 , 0, 0 , 0, 0 , 0, 0 , 0, 0 , 0, 0 , 0, 0 , 0, 0 , 0, 0 , 0, 0 , 0, 0 , 0, 0 , 0, 0 , 0, 0 , 0, 0 , 0, 0 , 0, 0 , 0, 0 , 0, 0 , 0, 1,1,1,1,1,1,1,1,1,1,1,1,1,1,1,1,1,1,1, 1, 1, 1, 1, 1, 1, 1, 1, 1, 1, 1, 1, 1, 1, 1, 1, 1, 1, 1, 1, 1, 1, 1, 1, 1, 1, 1, 1, 1, 1, 1, 1, 1, 1, 1, 1, 1, 1, 1, 1, 1, 1, 1, 1, 1, 1, 1, 1, 1, 1, 1, 1, 1, 1, 1, 1, 1, 1, 1, 1, 1, 1, 1, 1, 1, 1, 1, 1, 1, 1, 1, 1, 1, 1, 1, 1, 1, 1, 1, 1, 1,1
1,2166358014,0,15099494397,0,16777251,0,16793139,0,17293355,0,17179869151,0,16777251,0,16777251,0,16777251,0,16777259,0,16779307,0,16778283,0,16777259,0,16793659,0,16785459,0,16973875,0,16810035,0,16810035,0,16777267,0,2164260899,0,16777251,0,4311744546,0,8606711842,0,8707375138,0,15082717183,0,8615100450,0,8598323232,0,8858370080,0,134217760,0,32,0,32,0,17301539,0,8608808994,0,4559208482,0,0 , 0, 0 , 0, 0 , 0, 0 , 0, 0 , 0, 0 , 0, 0 , 0, 0 , 0, 0 , 0, 0 , 0, 0 , 0, 0 , 0, 0 , 0, 0 , 0, 0 , 0, 0 , 0, 0 , 0, 0 , 0, 0 , 0, 0 , 0, 0 , 0, 0 , 0, 0 , 0, 0 , 0, 0 , 0, 0 , 0, 0 , 0, 0 , 0, 0 , 0, 0 , 0, 0 , 0, 0 , 0, 0 , 0, 0 , 0, 0 , 0, 0 , 0, 0 , 0, 0 , 0, 0 , 0, 0 , 0, 0 , 0, 0 , 0, 0 , 0, 0 , 0, 0 , 0, 0 , 0, 0 , 0, 0 , 0, 0 , 0, 0 , 0, 0 , 0, 0 , 0, 0 , 0, 0 , 0, 0 , 0, 0 , 0, 0 , 0, 0 , 0, 0 , 0, 0 , 0, 0 , 0, 0 , 0, 0 , 0, 0 , 0, 0 , 0, 0 , 0, 1,1,1,1,1,1,1,1,1,1,1,1,1,1,1,1,1,1,1,1,1,1,1,1,1,1,1,1,1,1,1,1,1,1, 1, 1, 1, 1, 1, 1, 1, 1, 1, 1, 1, 1, 1, 1, 1, 1, 1, 1, 1, 1, 1, 1, 1, 1, 1, 1, 1, 1, 1, 1, 1, 1, 1, 1, 1, 1, 1, 1, 1, 1, 1, 1, 1, 1, 1, 1, 1, 1, 1, 1, 1, 1, 1, 1, 1, 1, 1, 1, 1, 1, 1, 1, 1, 1, 1, 1,1
1,70368727400446,0,70368744177661,0,70368727400443,0,70368727400439,0,2199560159119,0,37383932247951,0,37387153473423,0,70368727400319,0,70368727400191,0,70368727399935,0,70368727399423,0,70368727398399,0,70368727396351,0,70368727392255,0,70368727384063,0,2199560159119,0,2199560159119,0,37383932247951,0,2199560159119,0,2199560159119,0,2199560159119,0,2199560159119,0,19791746203535,0,19791746203535,0,2,0,2199560159119,0,37383932247951,0,37383932247951,0,37383932247951,0,70368190529535,0,37383932248015,0,2199560159183,0,37383932247951,0,37383932247951,0,37383932247951,0,37383932247951,0,2199560159119,0,4123705507727,0,2336999112591,0,3436510740367,0,2886754926479,0,68169704144895,0,2199560159119,0,37383932247951,0,2199572742031,0,11061621325807,0,0 , 0, 0 , 0, 0 , 0, 0 , 0, 0 , 0, 0 , 0, 0 , 0, 0 , 0, 0 , 0, 0 , 0, 0 , 0, 0 , 0, 0 , 0, 0 , 0, 0 , 0, 0 , 0, 0 , 0, 0 , 0, 0 , 0, 0 , 0, 0 , 0, 0 , 0, 0 , 0, 0 , 0, 0 , 0, 0 , 0, 0 , 0, 0 , 0, 0 , 0, 0 , 0, 0 , 0, 0 , 0, 0 , 0, 0 , 0, 0 , 0, 0 , 0, 0 , 0, 0 , 0, 0 , 0, 0 , 0, 0 , 0, 0 , 0, 0 , 0, 0 , 0, 0 , 0, 0 , 0, 0 , 0, 0 , 0, 0 , 0, 0 , 0, 0 , 0, 0 , 0, 0 , 0, 0 , 0, 1,1,1,1,1,1,1,1,1,1,1,1,1,1,1,1,1,1,1,1,1,1,1,1,1,1,1,1,1,1,1,1,1,1,1,1,1,1,1,1,1,1,1,1,1,1, 1, 1, 1, 1, 1, 1, 1, 1, 1, 1, 1, 1, 1, 1, 1, 1, 1, 1, 1, 1, 1, 1, 1, 1, 1, 1, 1, 1, 1, 1, 1, 1, 1, 1, 1, 1, 1, 1, 1, 1, 1, 1, 1, 1, 1, 1, 1, 1, 1, 1, 1, 1, 1, 1,1
1,201327630,0,251658237,0,268435451,0,268435447,0,33555438,0,94,0,190,0,94,0,33554974,0,33554718,0,15,0,134217742,0,134217742,0,201326606,0,67108878,0,100597774,0,67272718,0,67207182,0,16285710,0,7634958,0,5013518,0,5013518,0,3964942,0,294926,0,32780,0,798,0,134471695,0,67123215,0,0 , 0, 0 , 0, 0 , 0, 0 , 0, 0 , 0, 0 , 0, 0 , 0, 0 , 0, 0 , 0, 0 , 0, 0 , 0, 0 , 0, 0 , 0, 0 , 0, 0 , 0, 0 , 0, 0 , 0, 0 , 0, 0 , 0, 0 , 0, 0 , 0, 0 , 0, 0 , 0, 0 , 0, 0 , 0, 0 , 0, 0 , 0, 0 , 0, 0 , 0, 0 , 0, 0 , 0, 0 , 0, 0 , 0, 0 , 0, 0 , 0, 0 , 0, 0 , 0, 0 , 0, 0 , 0, 0 , 0, 0 , 0, 0 , 0, 0 , 0, 0 , 0, 0 , 0, 0 , 0, 0 , 0, 0 , 0, 0 , 0, 0 , 0, 0 , 0, 0 , 0, 0 , 0, 0 , 0, 0 , 0, 0 , 0, 0 , 0, 0 , 0, 0 , 0, 0 , 0, 0 , 0, 0 , 0, 0 , 0, 0 , 0, 0 , 0, 0 , 0, 0 , 0, 0 , 0, 0 , 0, 0 , 0, 0 , 0, 0 , 0, 1,1,1,1,1,1,1,1,1,1,1,1,1,1,1,1,1,1,1,1,1,1,1,1,1,1,1,1, 1, 1, 1, 1, 1, 1, 1, 1, 1, 1, 1, 1, 1, 1, 1, 1, 1, 1, 1, 1, 1, 1, 1, 1, 1, 1, 1, 1, 1, 1, 1, 1, 1, 1, 1, 1, 1, 1, 1, 1, 1, 1, 1, 1, 1, 1, 1, 1, 1, 1, 1, 1, 1, 1, 1, 1, 1, 1, 1, 1, 1, 1, 1, 1, 1, 1, 1, 1, 1, 1, 1, 1,1
1,996700847886,0,996700847885,0,996700847883,0,996700847879,0,652567630048,0,631629664464,0,648809533616,0,648809533552,0,996695604751,0,996502666511,0,996636883727,0,996642125583,0,1099511623679,0,996700839695,0,1099511611391,0,1099511595007,0,1099511562239,0,1099511496703,0,1099511365631,0,1099511103487,0,34362882063,0,996698750735,0,34362882063,0,446696517903,0,446688129295,0,446679740687,0,996435558159,0,584118697231,0,635119325424,0,78652624912,0,78115754000,0,77578883088,0,627334697200,0,643977695472,0,558346784976,0,962341109519,0,566668284144,0,859122433807,0,721683480335,0,545933754367,0,0 , 0, 0 , 0, 0 , 0, 0 , 0, 0 , 0, 0 , 0, 0 , 0, 0 , 0, 0 , 0, 0 , 0, 0 , 0, 0 , 0, 0 , 0, 0 , 0, 0 , 0, 0 , 0, 0 , 0, 0 , 0, 0 , 0, 0 , 0, 0 , 0, 0 , 0, 0 , 0, 0 , 0, 0 , 0, 0 , 0, 0 , 0, 0 , 0, 0 , 0, 0 , 0, 0 , 0, 0 , 0, 0 , 0, 0 , 0, 0 , 0, 0 , 0, 0 , 0, 0 , 0, 0 , 0, 0 , 0, 0 , 0, 0 , 0, 0 , 0, 0 , 0, 0 , 0, 0 , 0, 0 , 0, 0 , 0, 0 , 0, 0 , 0, 0 , 0, 0 , 0, 0 , 0, 0 , 0, 0 , 0, 0 , 0, 0 , 0, 0 , 0, 0 , 0, 0 , 0, 1,1,1,1,1,1,1,1,1,1,1,1,1,1,1,1,1,1,1,1,1,1,1,1,1,1,1,1,1,1,1,1,1,1,1,1,1,1,1,1, 1, 1, 1, 1, 1, 1, 1, 1, 1, 1, 1, 1, 1, 1, 1, 1, 1, 1, 1, 1, 1, 1, 1, 1, 1, 1, 1, 1, 1, 1, 1, 1, 1, 1, 1, 1, 1, 1, 1, 1, 1, 1, 1, 1, 1, 1, 1, 1, 1, 1, 1, 1, 1, 1, 1, 1, 1, 1, 1, 1,1
1,12079596400,0,27162280060,0,27116109946,0,17180393590,0,34359738351,0,33688649695,0,33688649663,0,8858370160,0,12079625841,0,12079595889,0,16374593904,0,16374588528,0,16374588784,0,16374586736,0,16374578544,0,27111981170,0,25769934966,0,17180196982,0,17180524662,0,25773211774,0,17182490742,0,17214996598,0,17238589554,0,17217618034,0,17217618032,0,17211326578,0,17179869296,0,17179869200,0,33286062071,0,17179869200,0,32480755575,0,14227111793,0,12079627376,0,24965152759,0,10737385598,0,0 , 0, 0 , 0, 0 , 0, 0 , 0, 0 , 0, 0 , 0, 0 , 0, 0 , 0, 0 , 0, 0 , 0, 0 , 0, 0 , 0, 0 , 0, 0 , 0, 0 , 0, 0 , 0, 0 , 0, 0 , 0, 0 , 0, 0 , 0, 0 , 0, 0 , 0, 0 , 0, 0 , 0, 0 , 0, 0 , 0, 0 , 0, 0 , 0, 0 , 0, 0 , 0, 0 , 0, 0 , 0, 0 , 0, 0 , 0, 0 , 0, 0 , 0, 0 , 0, 0 , 0, 0 , 0, 0 , 0, 0 , 0, 0 , 0, 0 , 0, 0 , 0, 0 , 0, 0 , 0, 0 , 0, 0 , 0, 0 , 0, 0 , 0, 0 , 0, 0 , 0, 0 , 0, 0 , 0, 0 , 0, 0 , 0, 0 , 0, 0 , 0, 0 , 0, 0 , 0, 0 , 0, 0 , 0, 0 , 0, 0 , 0, 0 , 0, 1,1,1,1,1,1,1,1,1,1,1,1,1,1,1,1,1,1,1,1,1,1,1,1,1,1,1,1,1,1,1,1,1,1,1, 1, 1, 1, 1, 1, 1, 1, 1, 1, 1, 1, 1, 1, 1, 1, 1, 1, 1, 1, 1, 1, 1, 1, 1, 1, 1, 1, 1, 1, 1, 1, 1, 1, 1, 1, 1, 1, 1, 1, 1, 1, 1, 1, 1, 1, 1, 1, 1, 1, 1, 1, 1, 1, 1, 1, 1, 1, 1, 1, 1, 1, 1, 1, 1, 1,1
1,335511614,0,62914621,0,29360187,0,1073741815,0,1073741807,0,1073741791,0,134221752,0,888,0,248,0,248,0,134219896,0,134218872,0,8248,0,4152,0,536870968,0,57,0,57,0,57,0,57,0,57,0,270532665,0,269484089,0,25165887,0,20971583,0,12582975,0,59,0,56,0,3192,0,3145785,0,16440,0,0 , 0, 0 , 0, 0 , 0, 0 , 0, 0 , 0, 0 , 0, 0 , 0, 0 , 0, 0 , 0, 0 , 0, 0 , 0, 0 , 0, 0 , 0, 0 , 0, 0 , 0, 0 , 0, 0 , 0, 0 , 0, 0 , 0, 0 , 0, 0 , 0, 0 , 0, 0 , 0, 0 , 0, 0 , 0, 0 , 0, 0 , 0, 0 , 0, 0 , 0, 0 , 0, 0 , 0, 0 , 0, 0 , 0, 0 , 0, 0 , 0, 0 , 0, 0 , 0, 0 , 0, 0 , 0, 0 , 0, 0 , 0, 0 , 0, 0 , 0, 0 , 0, 0 , 0, 0 , 0, 0 , 0, 0 , 0, 0 , 0, 0 , 0, 0 , 0, 0 , 0, 0 , 0, 0 , 0, 0 , 0, 0 , 0, 0 , 0, 0 , 0, 0 , 0, 0 , 0, 0 , 0, 0 , 0, 0 , 0, 0 , 0, 0 , 0, 0 , 0, 0 , 0, 0 , 0, 0 , 0, 0 , 0, 1,1,1,1,1,1,1,1,1,1,1,1,1,1,1,1,1,1,1,1,1,1,1,1,1,1,1,1,1,1, 1, 1, 1, 1, 1, 1, 1, 1, 1, 1, 1, 1, 1, 1, 1, 1, 1, 1, 1, 1, 1, 1, 1, 1, 1, 1, 1, 1, 1, 1, 1, 1, 1, 1, 1, 1, 1, 1, 1, 1, 1, 1, 1, 1, 1, 1, 1, 1, 1, 1, 1, 1, 1, 1, 1, 1, 1, 1, 1, 1, 1, 1, 1, 1, 1, 1, 1, 1, 1, 1,1
1,536870910,0,72222713,0,356517881,0,536870903,0,536870895,0,536870879,0,536870847,0,536870783,0,536870655,0,536870399,0,536869887,0,71321593,0,71362553,0,71358457,0,205570041,0,71333881,0,71305209,0,72091643,0,71960571,0,71698427,0,73402361,0,72353785,0,532676607,0,339740665,0,339740669,0,71305209,0,469762047,0,71321593,0,96471037,0,0 , 0, 0 , 0, 0 , 0, 0 , 0, 0 , 0, 0 , 0, 0 , 0, 0 , 0, 0 , 0, 0 , 0, 0 , 0, 0 , 0, 0 , 0, 0 , 0, 0 , 0, 0 , 0, 0 , 0, 0 , 0, 0 , 0, 0 , 0, 0 , 0, 0 , 0, 0 , 0, 0 , 0, 0 , 0, 0 , 0, 0 , 0, 0 , 0, 0 , 0, 0 , 0, 0 , 0, 0 , 0, 0 , 0, 0 , 0, 0 , 0, 0 , 0, 0 , 0, 0 , 0, 0 , 0, 0 , 0, 0 , 0, 0 , 0, 0 , 0, 0 , 0, 0 , 0, 0 , 0, 0 , 0, 0 , 0, 0 , 0, 0 , 0, 0 , 0, 0 , 0, 0 , 0, 0 , 0, 0 , 0, 0 , 0, 0 , 0, 0 , 0, 0 , 0, 0 , 0, 0 , 0, 0 , 0, 0 , 0, 0 , 0, 0 , 0, 0 , 0, 0 , 0, 0 , 0, 0 , 0, 0 , 0, 0 , 0, 1,1,1,1,1,1,1,1,1,1,1,1,1,1,1,1,1,1,1,1,1,1,1,1,1,1,1,1,1, 1, 1, 1, 1, 1, 1, 1, 1, 1, 1, 1, 1, 1, 1, 1, 1, 1, 1, 1, 1, 1, 1, 1, 1, 1, 1, 1, 1, 1, 1, 1, 1, 1, 1, 1, 1, 1, 1, 1, 1, 1, 1, 1, 1, 1, 1, 1, 1, 1, 1, 1, 1, 1, 1, 1, 1, 1, 1, 1, 1, 1, 1, 1, 1, 1, 1, 1, 1, 1, 1, 1,1
1,17592186044414,0,17592186044413,0,1242355859323,0,1099511635719,0,3848290705159,0,9895606230791,0,1099511881607,0,1099511635779,0,17592186044159,0,17592186043903,0,17592186043391,0,17592186042367,0,17592186040319,0,1099511635719,0,1099511635783,0,1099511701319,0,1099511668551,0,1099511635779,0,1099511635719,0,9895605706535,0,9895605182243,0,1099511635719,0,1099511635715,0,1099511635715,0,1099511635715,0,1099511635719,0,1099645853443,0,1099578744579,0,1099511635715,0,1099511635715,0,1099511635719,0,1099511635715,0,1099511635719,0,1151051243267,0,1211180785411,0,1125281439491,0,1116691504899,0,1099511635719,0,1099511635715,0,3298534891283,0,16492674416639,0,1649267449619,0,1099511635715,0,1099513208611,0,0 , 0, 0 , 0, 0 , 0, 0 , 0, 0 , 0, 0 , 0, 0 , 0, 0 , 0, 0 , 0, 0 , 0, 0 , 0, 0 , 0, 0 , 0, 0 , 0, 0 , 0, 0 , 0, 0 , 0, 0 , 0, 0 , 0, 0 , 0, 0 , 0, 0 , 0, 0 , 0, 0 , 0, 0 , 0, 0 , 0, 0 , 0, 0 , 0, 0 , 0, 0 , 0, 0 , 0, 0 , 0, 0 , 0, 0 , 0, 0 , 0, 0 , 0, 0 , 0, 0 , 0, 0 , 0, 0 , 0, 0 , 0, 0 , 0, 0 , 0, 0 , 0, 0 , 0, 0 , 0, 0 , 0, 0 , 0, 0 , 0, 0 , 0, 0 , 0, 0 , 0, 0 , 0, 0 , 0, 0 , 0, 0 , 0, 1,1,1,1,1,1,1,1,1,1,1,1,1,1,1,1,1,1,1,1,1,1,1,1,1,1,1,1,1,1,1,1,1,1,1,1,1,1,1,1,1,1,1,1, 1, 1, 1, 1, 1, 1, 1, 1, 1, 1, 1, 1, 1, 1, 1, 1, 1, 1, 1, 1, 1, 1, 1, 1, 1, 1, 1, 1, 1, 1, 1, 1, 1, 1, 1, 1, 1, 1, 1, 1, 1, 1, 1, 1, 1, 1, 1, 1, 1, 1, 1, 1, 1, 1, 1, 1,1
1,2194728288222,0,2194728288221,0,2194728288219,0,2194728288215,0,2194728288207,0,691489740800,0,1666512338591,0,1718022585951,0,1203398262303,0,2194728287711,0,2194728287199,0,2199023253503,0,2199023251455,0,2194728280031,0,137441066527,0,137441525279,0,137441492511,0,137441426975,0,137441295903,0,137441066527,0,2113055,0,2194726191071,0,1675039358559,0,1666466201183,0,1666457812575,0,1649269554911,0,1099513740831,0,1099513740831,0,1202592956191,0,1202592956191,0,2113055,0,2113055,0,137438959648,0,6307359,0,1649298914911,0,1169038524191,0,1134678785951,0,828931833407,0,137441066527,0,1254195478271,0,671086559199,0,0 , 0, 0 , 0, 0 , 0, 0 , 0, 0 , 0, 0 , 0, 0 , 0, 0 , 0, 0 , 0, 0 , 0, 0 , 0, 0 , 0, 0 , 0, 0 , 0, 0 , 0, 0 , 0, 0 , 0, 0 , 0, 0 , 0, 0 , 0, 0 , 0, 0 , 0, 0 , 0, 0 , 0, 0 , 0, 0 , 0, 0 , 0, 0 , 0, 0 , 0, 0 , 0, 0 , 0, 0 , 0, 0 , 0, 0 , 0, 0 , 0, 0 , 0, 0 , 0, 0 , 0, 0 , 0, 0 , 0, 0 , 0, 0 , 0, 0 , 0, 0 , 0, 0 , 0, 0 , 0, 0 , 0, 0 , 0, 0 , 0, 0 , 0, 0 , 0, 0 , 0, 0 , 0, 0 , 0, 0 , 0, 0 , 0, 0 , 0, 0 , 0, 0 , 0, 1,1,1,1,1,1,1,1,1,1,1,1,1,1,1,1,1,1,1,1,1,1,1,1,1,1,1,1,1,1,1,1,1,1,1,1,1,1,1,1,1, 1, 1, 1, 1, 1, 1, 1, 1, 1, 1, 1, 1, 1, 1, 1, 1, 1, 1, 1, 1, 1, 1, 1, 1, 1, 1, 1, 1, 1, 1, 1, 1, 1, 1, 1, 1, 1, 1, 1, 1, 1, 1, 1, 1, 1, 1, 1, 1, 1, 1, 1, 1, 1, 1, 1, 1, 1, 1, 1,1
1,35905651716653054,0,71916856549532157,0,71916856549515771,0,35764914228240887,0,71916856549515759,0,71916856549515743,0,25895697863876927,0,24505906569945151,0,35043634733645439,0,140737488420097,0,140737488419585,0,140737488418561,0,140737488416513,0,72057594037919743,0,140737488404227,0,140737488387841,0,25895697858306431,0,25895697857454463,0,24769797950611775,0,25895697857454399,0,23643906579111999,0,22517998136861055,0,31525199531745663,0,31525201675034943,0,22517998250107199,0,22517998166221119,0,22518002328019263,0,22518000096649279,0,23643906311725119,0,23643906043289663,0,23643905506418751,0,23643904294264895,0,23643902071283775,0,24488460412788927,0,24488494772527295,0,24488821190041791,0,24488494772527295,0,24505769130991807,0,24489044528341183,0,24489834802323647,0,24491209191858367,0,24493957970927807,0,24490659436044479,0,24488460412788927,0,55169095435296822,0,55239464179474486,0,55767229760806966,0,65281,0,24224431593234623,0,60042122379665599,0,61783757121331711,0,23643898044686719,0,31261314600870399,0,22517998149443903,0,53902458040033791,0,19826393672065078,0,0 , 0, 0 , 0, 0 , 0, 0 , 0, 0 , 0, 0 , 0, 0 , 0, 0 , 0, 0 , 0, 0 , 0, 0 , 0, 0 , 0, 0 , 0, 0 , 0, 0 , 0, 0 , 0, 0 , 0, 0 , 0, 0 , 0, 0 , 0, 0 , 0, 0 , 0, 0 , 0, 0 , 0, 0 , 0, 0 , 0, 0 , 0, 0 , 0, 0 , 0, 0 , 0, 0 , 0, 0 , 0, 0 , 0, 0 , 0, 0 , 0, 0 , 0, 0 , 0, 0 , 0, 0 , 0, 0 , 0, 0 , 0, 0 , 0, 0 , 0, 0 , 0, 1,1,1,1,1,1,1,1,1,1,1,1,1,1,1,1,1,1,1,1,1,1,1,1,1,1,1,1,1,1,1,1,1,1,1,1,1,1,1,1,1,1,1,1,1,1,1,1,1,1,1,1,1,1,1,1, 1, 1, 1, 1, 1, 1, 1, 1, 1, 1, 1, 1, 1, 1, 1, 1, 1, 1, 1, 1, 1, 1, 1, 1, 1, 1, 1, 1, 1, 1, 1, 1, 1, 1, 1, 1, 1, 1, 1, 1, 1, 1, 1, 1,1
1,1835006,0,1249269,0,1245363,0,196657,0,1310703,0,2097119,0,1249203,0,1249143,0,196851,0,1246451,0,1245939,0,1245427,0,1253425,0,1249329,0,1245233,0,1769521,0,1769471,0,1966079,0,655392,0,1540129,0,786167,0,0 , 0, 0 , 0, 0 , 0, 0 , 0, 0 , 0, 0 , 0, 0 , 0, 0 , 0, 0 , 0, 0 , 0, 0 , 0, 0 , 0, 0 , 0, 0 , 0, 0 , 0, 0 , 0, 0 , 0, 0 , 0, 0 , 0, 0 , 0, 0 , 0, 0 , 0, 0 , 0, 0 , 0, 0 , 0, 0 , 0, 0 , 0, 0 , 0, 0 , 0, 0 , 0, 0 , 0, 0 , 0, 0 , 0, 0 , 0, 0 , 0, 0 , 0, 0 , 0, 0 , 0, 0 , 0, 0 , 0, 0 , 0, 0 , 0, 0 , 0, 0 , 0, 0 , 0, 0 , 0, 0 , 0, 0 , 0, 0 , 0, 0 , 0, 0 , 0, 0 , 0, 0 , 0, 0 , 0, 0 , 0, 0 , 0, 0 , 0, 0 , 0, 0 , 0, 0 , 0, 0 , 0, 0 , 0, 0 , 0, 0 , 0, 0 , 0, 0 , 0, 0 , 0, 0 , 0, 0 , 0, 0 , 0, 0 , 0, 0 , 0, 0 , 0, 0 , 0, 0 , 0, 0 , 0, 0 , 0, 0 , 0, 0 , 0, 1,1,1,1,1,1,1,1,1,1,1,1,1,1,1,1,1,1,1,1,1, 1, 1, 1, 1, 1, 1, 1, 1, 1, 1, 1, 1, 1, 1, 1, 1, 1, 1, 1, 1, 1, 1, 1, 1, 1, 1, 1, 1, 1, 1, 1, 1, 1, 1, 1, 1, 1, 1, 1, 1, 1, 1, 1, 1, 1, 1, 1, 1, 1, 1, 1, 1, 1, 1, 1, 1, 1, 1, 1, 1, 1, 1, 1, 1, 1, 1, 1, 1, 1, 1, 1, 1, 1, 1, 1, 1, 1, 1, 1,1
1,4260607557630,0,824637906945,0,3023763923833,0,4398044413941,0,824640004141,0,824698724445,0,3024699253549,0,277027480073,0,274947104845,0,279040745677,0,3706558871561,0,279174968329,0,279174966281,0,4260607549439,0,3032246894591,0,3032246878207,0,3032246845439,0,3032246779903,0,4260607295487,0,4260607033343,0,4260606509055,0,274879995907,0,824635809853,0,824652587049,0,274888384553,0,274879996013,0,274879996237,0,275685302857,0,275551085129,0,275282649673,0,274879996425,0,274879996553,0,274880003081,0,120260928521,0,111670993929,0,94491124745,0,60131386377,0,2199023255560,0,2757369004031,0,2473915834495,0,1844233,0,962074764365,0,0 , 0, 0 , 0, 0 , 0, 0 , 0, 0 , 0, 0 , 0, 0 , 0, 0 , 0, 0 , 0, 0 , 0, 0 , 0, 0 , 0, 0 , 0, 0 , 0, 0 , 0, 0 , 0, 0 , 0, 0 , 0, 0 , 0, 0 , 0, 0 , 0, 0 , 0, 0 , 0, 0 , 0, 0 , 0, 0 , 0, 0 , 0, 0 , 0, 0 , 0, 0 , 0, 0 , 0, 0 , 0, 0 , 0, 0 , 0, 0 , 0, 0 , 0, 0 , 0, 0 , 0, 0 , 0, 0 , 0, 0 , 0, 0 , 0, 0 , 0, 0 , 0, 0 , 0, 0 , 0, 0 , 0, 0 , 0, 0 , 0, 0 , 0, 0 , 0, 0 , 0, 0 , 0, 0 , 0, 0 , 0, 0 , 0, 0 , 0, 0 , 0, 1,1,1,1,1,1,1,1,1,1,1,1,1,1,1,1,1,1,1,1,1,1,1,1,1,1,1,1,1,1,1,1,1,1,1,1,1,1,1,1,1,1, 1, 1, 1, 1, 1, 1, 1, 1, 1, 1, 1, 1, 1, 1, 1, 1, 1, 1, 1, 1, 1, 1, 1, 1, 1, 1, 1, 1, 1, 1, 1, 1, 1, 1, 1, 1, 1, 1, 1, 1, 1, 1, 1, 1, 1, 1, 1, 1, 1, 1, 1, 1, 1, 1, 1, 1, 1, 1,1
1,469762530,0,8589934589,0,6224674026,0,5152674038,0,5135667434,0,8589934559,0,8589934527,0,8589934463,0,469762275,0,1006899426,0,6191059174,0,6191059174,0,8589930238,0,6191075558,0,5150879974,0,5150871790,0,5134094570,0,5134618858,0,8589672190,0,5135274234,0,5134618874,0,5134094562,0,5134094562,0,5318643938,0,8430877934,0,5125427454,0,5259924451,0,5176038371,0,8321499135,0,8053063422,0,7264812262,0,6191059170,0,4294966526,0,0 , 0, 0 , 0, 0 , 0, 0 , 0, 0 , 0, 0 , 0, 0 , 0, 0 , 0, 0 , 0, 0 , 0, 0 , 0, 0 , 0, 0 , 0, 0 , 0, 0 , 0, 0 , 0, 0 , 0, 0 , 0, 0 , 0, 0 , 0, 0 , 0, 0 , 0, 0 , 0, 0 , 0, 0 , 0, 0 , 0, 0 , 0, 0 , 0, 0 , 0, 0 , 0, 0 , 0, 0 , 0, 0 , 0, 0 , 0, 0 , 0, 0 , 0, 0 , 0, 0 , 0, 0 , 0, 0 , 0, 0 , 0, 0 , 0, 0 , 0, 0 , 0, 0 , 0, 0 , 0, 0 , 0, 0 , 0, 0 , 0, 0 , 0, 0 , 0, 0 , 0, 0 , 0, 0 , 0, 0 , 0, 0 , 0, 0 , 0, 0 , 0, 0 , 0, 0 , 0, 0 , 0, 0 , 0, 0 , 0, 0 , 0, 0 , 0, 0 , 0, 0 , 0, 1,1,1,1,1,1,1,1,1,1,1,1,1,1,1,1,1,1,1,1,1,1,1,1,1,1,1,1,1,1,1,1,1, 1, 1, 1, 1, 1, 1, 1, 1, 1, 1, 1, 1, 1, 1, 1, 1, 1, 1, 1, 1, 1, 1, 1, 1, 1, 1, 1, 1, 1, 1, 1, 1, 1, 1, 1, 1, 1, 1, 1, 1, 1, 1, 1, 1, 1, 1, 1, 1, 1, 1, 1, 1, 1, 1, 1, 1, 1, 1, 1, 1, 1, 1, 1, 1, 1, 1, 1,1
1,8455716734,0,8455716733,0,8455716475,0,8329885815,0,8589934575,0,8589934559,0,8589934527,0,6711230576,0,6711230579,0,8326038647,0,8326040183,0,8326038655,0,8326045823,0,8326041727,0,8589918207,0,8326561919,0,8589869055,0,8328659071,0,8589672447,0,8329347199,0,8328659071,0,8344518783,0,8451522175,0,8409923703,0,8403632247,0,8393146487,0,8384757879,0,6711230576,0,8321499135,0,7918845567,0,7381974655,0,6442450943,0,4294967295,0,0 , 0, 0 , 0, 0 , 0, 0 , 0, 0 , 0, 0 , 0, 0 , 0, 0 , 0, 0 , 0, 0 , 0, 0 , 0, 0 , 0, 0 , 0, 0 , 0, 0 , 0, 0 , 0, 0 , 0, 0 , 0, 0 , 0, 0 , 0, 0 , 0, 0 , 0, 0 , 0, 0 , 0, 0 , 0, 0 , 0, 0 , 0, 0 , 0, 0 , 0, 0 , 0, 0 , 0, 0 , 0, 0 , 0, 0 , 0, 0 , 0, 0 , 0, 0 , 0, 0 , 0, 0 , 0, 0 , 0, 0 , 0, 0 , 0, 0 , 0, 0 , 0, 0 , 0, 0 , 0, 0 , 0, 0 , 0, 0 , 0, 0 , 0, 0 , 0, 0 , 0, 0 , 0, 0 , 0, 0 , 0, 0 , 0, 0 , 0, 0 , 0, 0 , 0, 0 , 0, 0 , 0, 0 , 0, 0 , 0, 0 , 0, 0 , 0, 0 , 0, 0 , 0, 1,1,1,1,1,1,1,1,1,1,1,1,1,1,1,1,1,1,1,1,1,1,1,1,1,1,1,1,1,1,1,1,1, 1, 1, 1, 1, 1, 1, 1, 1, 1, 1, 1, 1, 1, 1, 1, 1, 1, 1, 1, 1, 1, 1, 1, 1, 1, 1, 1, 1, 1, 1, 1, 1, 1, 1, 1, 1, 1, 1, 1, 1, 1, 1, 1, 1, 1, 1, 1, 1, 1, 1, 1, 1, 1, 1, 1, 1, 1, 1, 1, 1, 1, 1, 1, 1, 1, 1, 1,1
1,9854,0,524285,0,524283,0,524279,0,1551,0,9743,0,9871,0,9806,0,11790,0,523775,0,523263,0,14094,0,11790,0,8175,0,230926,0,149006,0,149006,0,116238,0,1550,0,0 , 0, 0 , 0, 0 , 0, 0 , 0, 0 , 0, 0 , 0, 0 , 0, 0 , 0, 0 , 0, 0 , 0, 0 , 0, 0 , 0, 0 , 0, 0 , 0, 0 , 0, 0 , 0, 0 , 0, 0 , 0, 0 , 0, 0 , 0, 0 , 0, 0 , 0, 0 , 0, 0 , 0, 0 , 0, 0 , 0, 0 , 0, 0 , 0, 0 , 0, 0 , 0, 0 , 0, 0 , 0, 0 , 0, 0 , 0, 0 , 0, 0 , 0, 0 , 0, 0 , 0, 0 , 0, 0 , 0, 0 , 0, 0 , 0, 0 , 0, 0 , 0, 0 , 0, 0 , 0, 0 , 0, 0 , 0, 0 , 0, 0 , 0, 0 , 0, 0 , 0, 0 , 0, 0 , 0, 0 , 0, 0 , 0, 0 , 0, 0 , 0, 0 , 0, 0 , 0, 0 , 0, 0 , 0, 0 , 0, 0 , 0, 0 , 0, 0 , 0, 0 , 0, 0 , 0, 0 , 0, 0 , 0, 0 , 0, 0 , 0, 0 , 0, 0 , 0, 0 , 0, 0 , 0, 0 , 0, 0 , 0, 0 , 0, 0 , 0, 0 , 0, 1,1,1,1,1,1,1,1,1,1,1,1,1,1,1,1,1,1,1, 1, 1, 1, 1, 1, 1, 1, 1, 1, 1, 1, 1, 1, 1, 1, 1, 1, 1, 1, 1, 1, 1, 1, 1, 1, 1, 1, 1, 1, 1, 1, 1, 1, 1, 1, 1, 1, 1, 1, 1, 1, 1, 1, 1, 1, 1, 1, 1, 1, 1, 1, 1, 1, 1, 1, 1, 1, 1, 1, 1, 1, 1, 1, 1, 1, 1, 1, 1, 1, 1, 1, 1, 1, 1, 1, 1, 1, 1, 1, 1, 1,1
1,2113945658,0,100679681,0,35183937970680,7864320,35184346915317,7864320,18446744073709551597,33554431,68451041279,1048576,13835058192286081468,5767168,35182331552124,7864320,66680537340,1048576,34610192,4718591,38273023,4194384,37754448,4718528,38272976,4652864,35115759566812,7864320,35184346898943,7864320,35115761623260,7340032,35115761590492,7864320,35115761524892,7340032,34153688719516,7340032,26457107062940,7340032,68828389532,5242880,4611650834119262224,29360128,2814749832118288,4194304,4609434218670325776,29360128,2299087609837649936,29360128,18446744073675997183,33554431,35184304979967,7864320,1987592249,0,771768345,0,1577074813,0,771768445,0,100680188,1048576,101728764,1048576,51641336316,1048576,8691663356,1048576,8691663356,1048576,35047035887836,7864320,68828258460,5242880,618581450908,5242880,343703543964,5242880,2267849154716,5242880,1168337526940,5242880,68825899164,5242880,17661012467868,7340032,8864921542812,7340032,70368785072144,4194304,35184411934736,4194304,844424969977872,4194304,703687481622544,4194304,1548112411754512,4194304,562949993267216,4194304,4607182418865029136,29360128,2251799878696976,20971520,2251799878696976,29360128,2272066012073426960,29360128,20266198388178960,29360128,2181994019526017040,29360128,92323792426106896,29360128,1821706049336377360,29360128,380554168577818640,29360128,380554168577818640,29360128,2251799878696976,20971520,9223372036909301840,0,4611686018460942416,0,33554960,2,33554962,1,33554961,24,33554968,20,33555988,4194348,37749308,4194320,37756432,4718464,38272912,4456512,38017616,4587584,38148688,4652096,38207056,4588096,38148688,4649536,38206032,4590144,38148688,4639296,38197840,4598336,38156880,4598336,38152784,4456512,38017616,4521792,38076240,4456384,68824596444,1048576,35182327357948,6815744,26457106538652,5242880,4611685949842128604,28835824,2299087609835028464,20971520,4609434218678714384,12582912,0 , 0, 0 , 0, 0 , 0, 0 , 0, 0 , 0, 0 , 0, 0 , 0, 0 , 0, 0 , 0, 0 , 0, 0 , 0, 1,1,1,1,1,1,1,1,1,1,1,1,1,1,1,1,1,1,1,1,1,1,1,1,1,1,1,1,1,1,1,1,1,1,1,1,1,1,1,1,1,1,1,1,1,1,1,1,1,1,1,1,1,1,1,1,1,1,1,1,1,1,1,1,1,1,1,1,1,1,1,1,1,1,1,1,1,1,1,1,1,1,1,1,1,1,1,1,1, 1, 1, 1, 1, 1, 1, 1, 1, 1, 1, 1,1
1,4297074626,0,34359738237,0,34359672954,0,4297588822,0,34357641326,0,32205963350,0,34359738303,0,4297064513,0,4297080387,0,4297073987,0,4297073475,0,4297077058,0,4297124162,0,4297072451,0,4297101378,0,4297084994,0,4297064518,0,4297850950,0,4297719878,0,4298506318,0,4297588806,0,34357641215,0,21476933718,0,30066868342,0,32180797558,0,30083645558,0,32096911478,0,30150754422,0,31761367158,0,30419189878,0,30419189878,0,21476933718,0,30064771071,0,23616028790,0,17177772150,0,0 , 0, 0 , 0, 0 , 0, 0 , 0, 0 , 0, 0 , 0, 0 , 0, 0 , 0, 0 , 0, 0 , 0, 0 , 0, 0 , 0, 0 , 0, 0 , 0, 0 , 0, 0 , 0, 0 , 0, 0 , 0, 0 , 0, 0 , 0, 0 , 0, 0 , 0, 0 , 0, 0 , 0, 0 , 0, 0 , 0, 0 , 0, 0 , 0, 0 , 0, 0 , 0, 0 , 0, 0 , 0, 0 , 0, 0 , 0, 0 , 0, 0 , 0, 0 , 0, 0 , 0, 0 , 0, 0 , 0, 0 , 0, 0 , 0, 0 , 0, 0 , 0, 0 , 0, 0 , 0, 0 , 0, 0 , 0, 0 , 0, 0 , 0, 0 , 0, 0 , 0, 0 , 0, 0 , 0, 0 , 0, 0 , 0, 0 , 0, 0 , 0, 0 , 0, 0 , 0, 0 , 0, 0 , 0, 0 , 0, 0 , 0, 0 , 0, 1,1,1,1,1,1,1,1,1,1,1,1,1,1,1,1,1,1,1,1,1,1,1,1,1,1,1,1,1,1,1,1,1,1,1, 1, 1, 1, 1, 1, 1, 1, 1, 1, 1, 1, 1, 1, 1, 1, 1, 1, 1, 1, 1, 1, 1, 1, 1, 1, 1, 1, 1, 1, 1, 1, 1, 1, 1, 1, 1, 1, 1, 1, 1, 1, 1, 1, 1, 1, 1, 1, 1, 1, 1, 1, 1, 1, 1, 1, 1, 1, 1, 1, 1, 1, 1, 1, 1, 1,1
1,30758,0,30757,0,32803,0,2097184,0,62914592,0,268435423,0,32,0,800,0,672,0,416,0,32,0,4131,0,2083,0,35,0,35,0,65572,0,32800,0,1835040,0,131104,0,131104,0,131104,0,40,0,48,0,48,0,48,0,48,0,32,0,268435488,0,134217728,0,0 , 0, 0 , 0, 0 , 0, 0 , 0, 0 , 0, 0 , 0, 0 , 0, 0 , 0, 0 , 0, 0 , 0, 0 , 0, 0 , 0, 0 , 0, 0 , 0, 0 , 0, 0 , 0, 0 , 0, 0 , 0, 0 , 0, 0 , 0, 0 , 0, 0 , 0, 0 , 0, 0 , 0, 0 , 0, 0 , 0, 0 , 0, 0 , 0, 0 , 0, 0 , 0, 0 , 0, 0 , 0, 0 , 0, 0 , 0, 0 , 0, 0 , 0, 0 , 0, 0 , 0, 0 , 0, 0 , 0, 0 , 0, 0 , 0, 0 , 0, 0 , 0, 0 , 0, 0 , 0, 0 , 0, 0 , 0, 0 , 0, 0 , 0, 0 , 0, 0 , 0, 0 , 0, 0 , 0, 0 , 0, 0 , 0, 0 , 0, 0 , 0, 0 , 0, 0 , 0, 0 , 0, 0 , 0, 0 , 0, 0 , 0, 0 , 0, 0 , 0, 0 , 0, 0 , 0, 0 , 0, 0 , 0, 0 , 0, 1,1,1,1,1,1,1,1,1,1,1,1,1,1,1,1,1,1,1,1,1,1,1,1,1,1,1,1,1, 1, 1, 1, 1, 1, 1, 1, 1, 1, 1, 1, 1, 1, 1, 1, 1, 1, 1, 1, 1, 1, 1, 1, 1, 1, 1, 1, 1, 1, 1, 1, 1, 1, 1, 1, 1, 1, 1, 1, 1, 1, 1, 1, 1, 1, 1, 1, 1, 1, 1, 1, 1, 1, 1, 1, 1, 1, 1, 1, 1, 1, 1, 1, 1, 1, 1, 1, 1, 1, 1, 1,1
1,398467062,0,472120333,0,268435459,0,471916546,0,1,0,1,0,4194305,0,37748737,0,58720257,0,1,0,268435459,0,268435459,0,335544323,0,68141066,0,471867402,0,991242,0,40962,0,827394,0,172032,0,172032,0,0,0,469778442,0,33554625,0,50331905,0,41943297,0,29360513,0,404779019,0,337657866,0,203447311,0,0 , 0, 0 , 0, 0 , 0, 0 , 0, 0 , 0, 0 , 0, 0 , 0, 0 , 0, 0 , 0, 0 , 0, 0 , 0, 0 , 0, 0 , 0, 0 , 0, 0 , 0, 0 , 0, 0 , 0, 0 , 0, 0 , 0, 0 , 0, 0 , 0, 0 , 0, 0 , 0, 0 , 0, 0 , 0, 0 , 0, 0 , 0, 0 , 0, 0 , 0, 0 , 0, 0 , 0, 0 , 0, 0 , 0, 0 , 0, 0 , 0, 0 , 0, 0 , 0, 0 , 0, 0 , 0, 0 , 0, 0 , 0, 0 , 0, 0 , 0, 0 , 0, 0 , 0, 0 , 0, 0 , 0, 0 , 0, 0 , 0, 0 , 0, 0 , 0, 0 , 0, 0 , 0, 0 , 0, 0 , 0, 0 , 0, 0 , 0, 0 , 0, 0 , 0, 0 , 0, 0 , 0, 0 , 0, 0 , 0, 0 , 0, 0 , 0, 0 , 0, 0 , 0, 0 , 0, 0 , 0, 0 , 0, 0 , 0, 1,1,1,1,1,1,1,1,1,1,1,1,1,1,1,1,1,1,1,1,1,1,1,1,1,1,1,1,1, 1, 1, 1, 1, 1, 1, 1, 1, 1, 1, 1, 1, 1, 1, 1, 1, 1, 1, 1, 1, 1, 1, 1, 1, 1, 1, 1, 1, 1, 1, 1, 1, 1, 1, 1, 1, 1, 1, 1, 1, 1, 1, 1, 1, 1, 1, 1, 1, 1, 1, 1, 1, 1, 1, 1, 1, 1, 1, 1, 1, 1, 1, 1, 1, 1, 1, 1, 1, 1, 1, 1,1
1,8796093021694,0,1099511628801,0,1099520016385,0,1,0,6751554371809,0,6750883283153,0,4398314946737,0,4398314946673,0,1,0,0,0,2051,0,1025,0,1,0,16385,0,8193,0,65537,0,32769,0,1,0,1,0,1,0,1,0,1,0,1,0,5,0,1,0,1,0,1,0,268435473,0,6751285936369,0,4398314946577,0,6597338202161,0,4398314946609,0,4535753900081,0,268435505,0,137438953473,0,1305670057985,0,1271310319617,0,5622380625969,0,1,0,1,0,240518168583,0,4399388688433,0,2344783708401,0,0 , 0, 0 , 0, 0 , 0, 0 , 0, 0 , 0, 0 , 0, 0 , 0, 0 , 0, 0 , 0, 0 , 0, 0 , 0, 0 , 0, 0 , 0, 0 , 0, 0 , 0, 0 , 0, 0 , 0, 0 , 0, 0 , 0, 0 , 0, 0 , 0, 0 , 0, 0 , 0, 0 , 0, 0 , 0, 0 , 0, 0 , 0, 0 , 0, 0 , 0, 0 , 0, 0 , 0, 0 , 0, 0 , 0, 0 , 0, 0 , 0, 0 , 0, 0 , 0, 0 , 0, 0 , 0, 0 , 0, 0 , 0, 0 , 0, 0 , 0, 0 , 0, 0 , 0, 0 , 0, 0 , 0, 0 , 0, 0 , 0, 0 , 0, 0 , 0, 0 , 0, 0 , 0, 0 , 0, 0 , 0, 0 , 0, 0 , 0, 1,1,1,1,1,1,1,1,1,1,1,1,1,1,1,1,1,1,1,1,1,1,1,1,1,1,1,1,1,1,1,1,1,1,1,1,1,1,1,1,1,1,1, 1, 1, 1, 1, 1, 1, 1, 1, 1, 1, 1, 1, 1, 1, 1, 1, 1, 1, 1, 1, 1, 1, 1, 1, 1, 1, 1, 1, 1, 1, 1, 1, 1, 1, 1, 1, 1, 1, 1, 1, 1, 1, 1, 1, 1, 1, 1, 1, 1, 1, 1, 1, 1, 1, 1, 1, 1,1
1,1008614806,0,1056841101,0,1008213387,0,1008213382,0,202972545,0,202907008,0,134217856,0,1073741695,0,1073741503,0,202907008,0,1073740735,0,1073739711,0,1073737663,0,202907009,0,202907008,0,202907008,0,202907024,0,1008475523,0,471473539,0,1073217471,0,1072693183,0,1071127938,0,1069030786,0,1064836482,0,1056447872,0,1039670658,0,1006632895,0,939524095,0,805182863,0,536485263,0,0 , 0, 0 , 0, 0 , 0, 0 , 0, 0 , 0, 0 , 0, 0 , 0, 0 , 0, 0 , 0, 0 , 0, 0 , 0, 0 , 0, 0 , 0, 0 , 0, 0 , 0, 0 , 0, 0 , 0, 0 , 0, 0 , 0, 0 , 0, 0 , 0, 0 , 0, 0 , 0, 0 , 0, 0 , 0, 0 , 0, 0 , 0, 0 , 0, 0 , 0, 0 , 0, 0 , 0, 0 , 0, 0 , 0, 0 , 0, 0 , 0, 0 , 0, 0 , 0, 0 , 0, 0 , 0, 0 , 0, 0 , 0, 0 , 0, 0 , 0, 0 , 0, 0 , 0, 0 , 0, 0 , 0, 0 , 0, 0 , 0, 0 , 0, 0 , 0, 0 , 0, 0 , 0, 0 , 0, 0 , 0, 0 , 0, 0 , 0, 0 , 0, 0 , 0, 0 , 0, 0 , 0, 0 , 0, 0 , 0, 0 , 0, 0 , 0, 0 , 0, 0 , 0, 0 , 0, 0 , 0, 0 , 0, 1,1,1,1,1,1,1,1,1,1,1,1,1,1,1,1,1,1,1,1,1,1,1,1,1,1,1,1,1,1, 1, 1, 1, 1, 1, 1, 1, 1, 1, 1, 1, 1, 1, 1, 1, 1, 1, 1, 1, 1, 1, 1, 1, 1, 1, 1, 1, 1, 1, 1, 1, 1, 1, 1, 1, 1, 1, 1, 1, 1, 1, 1, 1, 1, 1, 1, 1, 1, 1, 1, 1, 1, 1, 1, 1, 1, 1, 1, 1, 1, 1, 1, 1, 1, 1, 1, 1, 1, 1, 1,1
1,8388606,0,4628477,0,8387579,0,8270839,0,8385519,0,164831,0,8388543,0,8388479,0,8388351,0,8388095,0,963,0,132039,0,132063,0,6947805,0,132053,0,132087,0,132053,0,8256511,0,132063,0,7480285,0,6947805,0,5907421,0,3810271,0,0 , 0, 0 , 0, 0 , 0, 0 , 0, 0 , 0, 0 , 0, 0 , 0, 0 , 0, 0 , 0, 0 , 0, 0 , 0, 0 , 0, 0 , 0, 0 , 0, 0 , 0, 0 , 0, 0 , 0, 0 , 0, 0 , 0, 0 , 0, 0 , 0, 0 , 0, 0 , 0, 0 , 0, 0 , 0, 0 , 0, 0 , 0, 0 , 0, 0 , 0, 0 , 0, 0 , 0, 0 , 0, 0 , 0, 0 , 0, 0 , 0, 0 , 0, 0 , 0, 0 , 0, 0 , 0, 0 , 0, 0 , 0, 0 , 0, 0 , 0, 0 , 0, 0 , 0, 0 , 0, 0 , 0, 0 , 0, 0 , 0, 0 , 0, 0 , 0, 0 , 0, 0 , 0, 0 , 0, 0 , 0, 0 , 0, 0 , 0, 0 , 0, 0 , 0, 0 , 0, 0 , 0, 0 , 0, 0 , 0, 0 , 0, 0 , 0, 0 , 0, 0 , 0, 0 , 0, 0 , 0, 0 , 0, 0 , 0, 0 , 0, 0 , 0, 0 , 0, 0 , 0, 0 , 0, 0 , 0, 1,1,1,1,1,1,1,1,1,1,1,1,1,1,1,1,1,1,1,1,1,1,1, 1, 1, 1, 1, 1, 1, 1, 1, 1, 1, 1, 1, 1, 1, 1, 1, 1, 1, 1, 1, 1, 1, 1, 1, 1, 1, 1, 1, 1, 1, 1, 1, 1, 1, 1, 1, 1, 1, 1, 1, 1, 1, 1, 1, 1, 1, 1, 1, 1, 1, 1, 1, 1, 1, 1, 1, 1, 1, 1, 1, 1, 1, 1, 1, 1, 1, 1, 1, 1, 1, 1, 1, 1, 1, 1, 1, 1,1
1,945848310,0,2097649,0,943750769,0,264765552,0,2147483631,0,2147483615,0,2147483583,0,2097267,0,2097267,0,943750261,0,138443381,0,134231669,0,943746677,0,943742581,0,138425973,0,684130416,0,675315824,0,683704432,0,675315824,0,180355192,0,142606448,0,499,0,2140141181,0,794460280,0,180355192,0,164102264,0,146800760,0,2011168381,0,675295861,0,1489482357,0,675283056,0,0 , 0, 0 , 0, 0 , 0, 0 , 0, 0 , 0, 0 , 0, 0 , 0, 0 , 0, 0 , 0, 0 , 0, 0 , 0, 0 , 0, 0 , 0, 0 , 0, 0 , 0, 0 , 0, 0 , 0, 0 , 0, 0 , 0, 0 , 0, 0 , 0, 0 , 0, 0 , 0, 0 , 0, 0 , 0, 0 , 0, 0 , 0, 0 , 0, 0 , 0, 0 , 0, 0 , 0, 0 , 0, 0 , 0, 0 , 0, 0 , 0, 0 , 0, 0 , 0, 0 , 0, 0 , 0, 0 , 0, 0 , 0, 0 , 0, 0 , 0, 0 , 0, 0 , 0, 0 , 0, 0 , 0, 0 , 0, 0 , 0, 0 , 0, 0 , 0, 0 , 0, 0 , 0, 0 , 0, 0 , 0, 0 , 0, 0 , 0, 0 , 0, 0 , 0, 0 , 0, 0 , 0, 0 , 0, 0 , 0, 0 , 0, 0 , 0, 0 , 0, 0 , 0, 0 , 0, 0 , 0, 1,1,1,1,1,1,1,1,1,1,1,1,1,1,1,1,1,1,1,1,1,1,1,1,1,1,1,1,1,1,1, 1, 1, 1, 1, 1, 1, 1, 1, 1, 1, 1, 1, 1, 1, 1, 1, 1, 1, 1, 1, 1, 1, 1, 1, 1, 1, 1, 1, 1, 1, 1, 1, 1, 1, 1, 1, 1, 1, 1, 1, 1, 1, 1, 1, 1, 1, 1, 1, 1, 1, 1, 1, 1, 1, 1, 1, 1, 1, 1, 1, 1, 1, 1, 1, 1, 1, 1, 1, 1,1
1,134217630,0,134217725,0,62922747,0,62922743,0,131071983,0,30,0,30,0,287,0,159,0,31,0,31,0,4127,0,2079,0,50348051,0,50339859,0,67174419,0,67141651,0,786451,0,655379,0,393235,0,2097155,0,1048579,0,58720287,0,54525983,0,46161951,0,29384735,0,98323,0,0 , 0, 0 , 0, 0 , 0, 0 , 0, 0 , 0, 0 , 0, 0 , 0, 0 , 0, 0 , 0, 0 , 0, 0 , 0, 0 , 0, 0 , 0, 0 , 0, 0 , 0, 0 , 0, 0 , 0, 0 , 0, 0 , 0, 0 , 0, 0 , 0, 0 , 0, 0 , 0, 0 , 0, 0 , 0, 0 , 0, 0 , 0, 0 , 0, 0 , 0, 0 , 0, 0 , 0, 0 , 0, 0 , 0, 0 , 0, 0 , 0, 0 , 0, 0 , 0, 0 , 0, 0 , 0, 0 , 0, 0 , 0, 0 , 0, 0 , 0, 0 , 0, 0 , 0, 0 , 0, 0 , 0, 0 , 0, 0 , 0, 0 , 0, 0 , 0, 0 , 0, 0 , 0, 0 , 0, 0 , 0, 0 , 0, 0 , 0, 0 , 0, 0 , 0, 0 , 0, 0 , 0, 0 , 0, 0 , 0, 0 , 0, 0 , 0, 0 , 0, 0 , 0, 0 , 0, 0 , 0, 0 , 0, 0 , 0, 0 , 0, 0 , 0, 1,1,1,1,1,1,1,1,1,1,1,1,1,1,1,1,1,1,1,1,1,1,1,1,1,1,1, 1, 1, 1, 1, 1, 1, 1, 1, 1, 1, 1, 1, 1, 1, 1, 1, 1, 1, 1, 1, 1, 1, 1, 1, 1, 1, 1, 1, 1, 1, 1, 1, 1, 1, 1, 1, 1, 1, 1, 1, 1, 1, 1, 1, 1, 1, 1, 1, 1, 1, 1, 1, 1, 1, 1, 1, 1, 1, 1, 1, 1, 1, 1, 1, 1, 1, 1, 1, 1, 1, 1, 1, 1,1
1,8388614,0,16777213,0,16777211,0,4194294,0,65518,0,65502,0,65470,0,65406,0,65278,0,65022,0,64510,0,63486,0,61438,0,57342,0,49150,0,32766,0,14,0,14,0,14,0,3145742,0,2621454,0,1572878,0,6,0,7,0,0 , 0, 0 , 0, 0 , 0, 0 , 0, 0 , 0, 0 , 0, 0 , 0, 0 , 0, 0 , 0, 0 , 0, 0 , 0, 0 , 0, 0 , 0, 0 , 0, 0 , 0, 0 , 0, 0 , 0, 0 , 0, 0 , 0, 0 , 0, 0 , 0, 0 , 0, 0 , 0, 0 , 0, 0 , 0, 0 , 0, 0 , 0, 0 , 0, 0 , 0, 0 , 0, 0 , 0, 0 , 0, 0 , 0, 0 , 0, 0 , 0, 0 , 0, 0 , 0, 0 , 0, 0 , 0, 0 , 0, 0 , 0, 0 , 0, 0 , 0, 0 , 0, 0 , 0, 0 , 0, 0 , 0, 0 , 0, 0 , 0, 0 , 0, 0 , 0, 0 , 0, 0 , 0, 0 , 0, 0 , 0, 0 , 0, 0 , 0, 0 , 0, 0 , 0, 0 , 0, 0 , 0, 0 , 0, 0 , 0, 0 , 0, 0 , 0, 0 , 0, 0 , 0, 0 , 0, 0 , 0, 0 , 0, 0 , 0, 0 , 0, 0 , 0, 0 , 0, 0 , 0, 0 , 0, 1,1,1,1,1,1,1,1,1,1,1,1,1,1,1,1,1,1,1,1,1,1,1,1, 1, 1, 1, 1, 1, 1, 1, 1, 1, 1, 1, 1, 1, 1, 1, 1, 1, 1, 1, 1, 1, 1, 1, 1, 1, 1, 1, 1, 1, 1, 1, 1, 1, 1, 1, 1, 1, 1, 1, 1, 1, 1, 1, 1, 1, 1, 1, 1, 1, 1, 1, 1, 1, 1, 1, 1, 1, 1, 1, 1, 1, 1, 1, 1, 1, 1, 1, 1, 1, 1, 1, 1, 1, 1, 1, 1,1
1,253952,114688,1073602620,131072,1073619002,131072,1073618998,131072,1073618990,131072,139294,131072,279223176897101824,1835008,17879290520662712064,2098175,17302829768359550975,2098175,16149908263752703999,2098175,13844065254539009023,2098175,13844065254539003903,2097183,9007199256840095,2097152,1073725503,245760,253953,114688,253953,49152,188417,114688,122881,114688,647198,131072,66461726,131072,2760734,131072,131735582,131072,11149342,131072,6955038,131072,1042948126,131072,19537950,131072,19013662,131072,285351966,131072,151134238,131072,16916510,131072,131072,0,12884901888,0,10737418240,0,6442450944,0,0,0,0,0,0,0,0,0,0,0,34084860461056,0,33535104647168,0,32435593019392,0,30236569763840,0,25838523252736,0,17042430230528,0,0,0,0,0,0,0,0,0,1125899906842624,0,562949953421312,0,0,0,0,0,18428729675200077760,3933183,261208778391421951,1835008,243194379879841856,786432,207165582859829312,1835008,135107988822949952,1835008,9007199256576000,0,9007199254741120,0,9007199254741376,0,9007199254741888,0,9232379236109520768,2097152,4620693217684230016,2097215,9232379236111617983,2097154,9232379236111617922,2097277,9232379236111618045,2097162,9232379236111617930,2097158,9232379236111617926,2098146,9232379236111615970,2097170,9007199256840082,2097170,9007199256840082,2097424,9007199256840080,2097296,9007199256840080,2097168,2097168,6144,6144,5120,5120,11264,11264,4096,258049,98304,253953,81920,221185,49152,1073537086,0,279223176896970816,1572864,279223176898543680,1310720,243194379879317568,786432,13844065254537699200,1023,0 , 0, 0 , 0, 0 , 0, 0 , 0, 0 , 0, 0 , 0, 0 , 0, 0 , 0, 0 , 0, 0 , 0, 0 , 0, 0 , 0, 0 , 0, 0 , 0, 1,1,1,1,1,1,1,1,1,1,1,1,1,1,1,1,1,1,1,1,1,1,1,1,1,1,1,1,1,1,1,1,1,1,1,1,1,1,1,1,1,1,1,1,1,1,1,1,1,1,1,1,1,1,1,1,1,1,1,1,1,1,1,1,1,1,1,1,1,1,1,1,1,1,1,1,1,1,1,1,1,1,1,1,1,1, 1, 1, 1, 1, 1, 1, 1, 1, 1, 1, 1, 1, 1, 1,1
1,137948520454,3,35176291721279,3,137712590851,3,105544532452339,12,2216598267850734,12,2216598267850718,12,1125899911323708,8,17185399608,4,35201557488316,4,35201557488060,4,844424934598708,8,844424934597688,8,2251799817887752,16,13979173235279781887,31,246282551534591,15,32464911,0,2190961729599,3,4323455788278210567,3,2216607363100671,15,2190952882239,3,139681948607800251,4,1040388,0,36028788934443007,31,573471,0,114688,0,137645481987,2,137477709827,0,137477709827,0,137444155399,1,7516323841,0,537001984,0,537001984,0,537001984,0,137445072906,0,105518762648506,4,35132838600766,0,2113130029114,0,129358585919,3,3968555900987,0,3693677994042,0,3143922180154,0,1975690485818,0,8847638159418,0,4449591648314,0,51545137210,0,5251840,4,17184350268,0,4481072,8,4467768,0,4467760,8,4464760,0,4206592,16,5251088,0,5251072,0,5251072,0,1056768,0,1056768,0,0,0,4035225266124095488,0,288230376151842816,0,288230376151842816,0,288230376151842816,0,9223372036854784000,0,4611686018427396096,0,137712590855,2,137477709831,1,35201557488569,0,703687446260856,0,2251799817891840,0,0 , 0, 0 , 0, 0 , 0, 0 , 0, 0 , 0, 0 , 0, 0 , 0, 0 , 0, 0 , 0, 0 , 0, 0 , 0, 0 , 0, 0 , 0, 0 , 0, 0 , 0, 0 , 0, 0 , 0, 0 , 0, 0 , 0, 0 , 0, 0 , 0, 0 , 0, 0 , 0, 0 , 0, 0 , 0, 0 , 0, 0 , 0, 0 , 0, 0 , 0, 0 , 0, 0 , 0, 1,1,1,1,1,1,1,1,1,1,1,1,1,1,1,1,1,1,1,1,1,1,1,1,1,1,1,1,1,1,1,1,1,1,1,1,1,1,1,1,1,1,1,1,1,1,1,1,1,1,1,1,1,1,1,1,1,1,1,1,1,1,1,1,1,1,1,1,1, 1, 1, 1, 1, 1, 1, 1, 1, 1, 1, 1, 1, 1, 1, 1, 1, 1, 1, 1, 1, 1, 1, 1, 1, 1, 1, 1, 1, 1, 1, 1,1
